record_id	ali_from	ali_left	hmm_from	hmm_left	full_E_value	full_score	ali_lys_pos	ali_lys_pos_trim	ali_lys_res	domain_seq
A0A7J7QRB6	43	1024	30	7	6e-13	42.9	211	211	K	mttkcitcrlgglsyvlltflatsllhseqavatwraeerqvPVLVYDRSMFMFGTAFVIDVLSACFELKTSRLDMVLLPAFVKGVATLTNILRYICWMHTTPTILLLVKMISTTISRKQLTEAIVCVELMLVTGAAGAMTTGSLSGCIGVRSPGRCNSTLVQHSQSSAVLRARMQFMWSAFGVIWDLRMFGLVGLKVEEVANICCDFSAKVVFSCGLMlssfkgmdcrregvmrq
A0A7J7PUL2	353	841	7	10	1.5e-10	35.0	585	249	K	eqqhssiaavplsyhlLSCAAFGTAFVLDVLAVAFYGNSSRLELTLLPAWIKGLPFLSSVLMATGKAVVVQTASGKLVNLQRYVCWMHSTPAVLYLIKSVSNSITTQQQQQQLRTHQRQCRQQPRSGQQPRVQLRTTAAQAALACDMYSIILLHEAQLGLGAVAQLSGGVTQVLLGACVHIALVPVLVFLHTGLQELSQQYSRRIASFVYASTLVTYGSFGVVWDAAAFGMLSPAQEEAAYLWAELASKAGAGTaagcalvgcsggagwawgga
A0A7J7PIP5	93	363	27	6	7.8e-28	91.6	270	244	K	rlawlyvgvlctsyvlclmilhsfapvdvgmwqafldkvpldvfkwqlaafggvlllniinlvfcsNPVQYNCNVLLVLIHSVAFVTDWLIEAQGTSLVLGHNGRFFVPLRYVQWMHTTPTMILLMSMMSDMSPWRVTAAVGGDLVMVLAGLGASWTSGVLQVLLLLVSFAGFAVVVRAIMDMFLSAMAESTTDGTSRQLLGRMLALTLVVWSLFPLVWLLGQAGLVSLTMEQVLWGAADYGAKVVFSSHLWQknlstvqqrreaaqel
A0A7J6S5A1	350	32	5	11	9.4e-21	68.4	560	225	K	ltwmaasftvpniiMAATAYVMVKASFGFIRRGRSVPVGSGRPVYYIAAAVTATTACGYLAQLLALSPVFTGTTLLGHHVVSLVPSKYIEWIVSSSLMLINAGLMSGAGVKAVVPALVANTIWIGGEFGSLFVITPWWAKVGLYSASLCLGVVPLIWYVGCRLRDISKSHGDRELAGRFRLIADLTVVTWSLYPVAWLLSDGLGIVKIGSTSYAIMISGLDLLSKYGGStlvtkdhqvldraygiatgha
A0A7J6QHN7	325	320	5	11	3.2e-20	66.7	535	225	K	ltwvaasftvpniiMAATAYVMVKASFGFIRRGRSVPVGSGRPVYYIAAAVTATTACGYLAQLLALSPVFTGTTLLGHHVASLVPSKYIEWIVSSSLMLINAGLMSGAGVKAVVPALVANTIWIGGEFGSLFVITPWWAKAGLYSASLCLGVVPLIWYVGCRLRDISKSHGDRELAGRFRLIADLTVVTWSLYPVAWLVSDGLGIVKIGSTSYAIMISGLDLLSKYGGStlvtkdhqvldraygiatgha
A0A7J6P395	368	65	5	11	1.6e-20	67.6	578	225	K	ltwmaasftvpniiMAATAYVMVKASFGFIRRGRSVPVGSGRPVYYIAAAVTATTACGYLAQLLALSPVFTGTTLLGHHVVSLVPSKYIEWIVSSSLMLINAGLMSGAGVKAVVPALIANTIWIGGEFGSLFVITPWWAKVGLYSASLCLGVVPLIWYVGCRLRDISKSHGDRELAGRFRLIADLTVVTWSLYPVAWLLSDGLGIVKIGSTSYAIMISGLDLLSKYGGStlvtkdhqvldraygiatghd
A0A7J6KWM7	14	75	28	6	1.8e-20	67.4	200	200	K	slgfirrgrsvpvGSGRPVYYVAAAVTGTTALGYLAQLFSLFPVFTGTSLLGHHVVSIIPVKYVEWFTSSSLMLVNAGFMSGAGLKAVVPAIVANGIWIGGEFGSLFLSSPMWAKVALYSISLGLGVVPLIWYIGYRLRDVSKSYGDRELAGRFRLIADLTVVTWSLYPVAWLLSDGLGLMSMTSSSYAVMMSGMDILSKYGSSVLATKdhqvlnraysiaiaht
A0A6V6W0I2	56	7	102	9	3.4e-23	76.4	342	342	K	rasrllahifgemvrfplprigpcptpligtcpspppvqstaahpaavvfaslsvTAYVVLLVLFAQGKLGALHPNHAKFAWPFCFCSMVFGYAVFFDLGASTFELLPLPEGMPADEVMWACFTWLMPVTGFGLLLWSELAAFLFSRIGPGEFHHLRHPVMAVHATSLGYYLLQASSLSPPITDSFGRPFFPMRYVLWTDSVTCMIIAIYYVITNTLVQAKALPAFAAELHRLLSIALFSVLGTFAFGGVGSADLGLPGILQLLLLLVSWASFYGMLFCISRMLRRGQQAAPPRVANQFLVIRGAVVLIWHLFPVVWLLSACQLLSAGQEHVGYVVADVLAKHVLLFVynhnvaq
A0A6V6T298	91	470	9	5	3.1e-22	73.2	317	245	K	wlgpvhadtheqvpplvvAALCAVFAVLCASHISSLLFAPSKKRRRLCFLGVAITGCAFMAYSSMLSCSATVPSTYGGRPFEPLRYVLWAHTTPAMALIVAAASSPPWYPGDPSGEGEAGASIPLLPLVRMIGAGCMGSGFMATARVPALPAGLRAYPAVDALYTYAWRTLWLAASFLAMFIALYRLCHLVQLDRSAPAFRRNLICTVVVATWSCFPIVWVLAKLGLVDGAGEVALYAICDLCAKSFCSYLLLRGsdsqlewfdrqmere
A0A6V6HB15	102	661	45	3	7.2e-16	52.4	272	255	K	alsvtavvalsqsppvpcstqkdclviqsaapddfhwlvvtglssllvreltmllevwptassgqgsrdvclphvllcltllvlTGTEVAMASGRHWQHAMPPGSGSGLVEPWRPVCTLRCVEWLITVPMLLVLVGHCALGRPLRKIAGPIIITDTYVFVAWVGMIVASPLLRWTLILAAFLGFAYASAQMWQWVAAYLRTMPADAPSQIRRISSLGVLVALFGAYAIVCVATLLGAISYYAENLCYSVLGCVSKGAMCIIFTTIRAsehrqnldallck
A0A6V6EWC2	96	467	38	3	2.3e-15	50.8	271	253	K	avaalvispplpcsadercaairrdlpseyhafamvglatlllreittlveavhealqseatvwttkdrvlppllmvLVLAVITLFDSLYFFSSEPWAHVMPPSGGLVLSSRPVHTLRYAEWVITVPILLLLTGYCALLRPLKEVLVPIIVTNVYVTLAWVAMVVGTPWLRWSVVLFCFIGYFFASWWMWRWAATFLSLVPEETPSRHLRASLVVLLVSLFGLYAVVYLGAMTDLWDAHFEKAAYTFLGFLAKVAMSCIFTSIRAsehrqtmdsllcr
A0A6V6B6W9	114	175	41	2	1.2e-09	32.0	282	249	K	afgillclagtgvasqwvsvdaeevshagiavlliisavvaevcfltssswnrkllgeeaaeilkrhssfdsvltlaeygIKIATAVYISCFQGGWVHADAQAFGGARPVYFARFAQWSLAVPILVLIGNRAFLGDSDAWVCMCRSAPSVIAAFFYVWAAWVMEVTANPVARWTMLVTSFVGVALVAVDQLNLAYHHRGDKTFGLKLGMLIYEIFTFALYAAAFVCGRFGLVSSLSEQKFYAYGDATIKVFQAAILAMIRNRedihtihhwwra
A0A6V6ATK7	155	18	38	6	1.6e-13	44.7	328	251	K	ivsgalthcfydyhetrpavhdedpwvprlmtltaimagtgfvyelciavsikvmgvqelyeqdlgarrrlrlnrkmLFVFAFLSTTYSLMAADMQWVHKGWLAEYHGGHQIIYSVRYIEWTFCAPIVLSISGQLEHAPDGTPRNALLPSSVLTGVYCAIAWQGLVVKDFWAGWGLIVLAFVGYFLASVEQLAFVWHIKDQGRAGPLRAGLLTYLVIMIGIYGVVYLLPIPGWISPYAENKFYCLGDISFKLLTSIMLIAsndiayndelrrsaea
A0A6V5TJ28	42	441	39	3	4.1e-19	63.0	212	212	K	iavgtgallsrevfsfvlsransldqrvaafpdmlmctllaVLMCTQTLFALGMSWPHAVPPAASFAQTWGVQHTLRYVEWMVSVPLLLVIAGHVGLGRPLKELRRSIFVTNAYIMLACVAMLVPDALTRWILIVFSFALYLLASLDMAMRTSRFRDEAPKDIPARHQRVFLVQFLVLVFGLYGLNYLMAAVGAISNHSEHLVYNTGDIIAKVITVGILCFVRTaenrdtlgemilk
A0A6V5P376	161	10	11	10	7.9e-11	35.9	386	246	K	slgptdrtisqgvfgtflalVMQGSLSYLLTAVGPKRKVAHIVHPPTAVYGVACAYYGYKTLAGPPVVESDVFGLPMQPLHLFLWMCSTSSQCVLVRSTHQLECCGGGPFVLPAPAILSTLVMLWTGLLGWLDYGPGAGAWGLALNIAFNLMSCAAFYATLVLGTRPLRWCAEHYSGLHRQRLADSATPVPLVDVAFTLHRQFLLARRYLWLSWHSFPIVWLLGAFGAVDGEQREVLFTVGDLLAKFLPVSmylallvvpq
A0A6V5ME29	137	101	61	9	1.6e-08	28.4	287	251	K	aigwcivrpttcadiseckehleaspallnagvvcglvtvflhevvscimnyttakplatlidgvmdaflpsillcvtfavlilessdlylgadaflihtGNDVGLRGNKPVNTIIIVEWLVNVPLLIILAGHCALGRSLGEVSGPLLVSNAYIVIAWCAFFVVDNTLRWTLVAVSFAMYGWASVVMARWAVEFLKVAPRGVHTRRLRPALCCGLILVFGLYGVVFMWSLLGNMTSLEEQACYTAMNVCVKLAMSMAysgirsgayhemlvgmlvn
A0A6V5MCX1	194	614	65	3	1.1e-16	55.1	334	245	K	krcedvpecsivtdvqlwkaetmhshiaagtgalltrevlnlmqsrtdrmdqriaafgmpdcvysdalmvilltvlmctqvlfglgvswplavppspsfsqtwgAQHSLRYAEWMVSVPLLLVIAGHIGLRRPLSELRMCVFVTNVYMLLAWAALLVAGAPMRWVLIVLSFALYFLASLDMALWIHRFDVEAPKDIPARPQRIFLVTFLMFMFGLYGINYLLSATGAISHHSEHLVYGMGDIIAKTITGGLLCFVRTaerrdalgemllk
A0A6V5JJG6	89	11	46	5	1.8e-13	44.6	254	251	K	iimaiaahfccdyhetrlavidedptmplflyfsatmafygllfemsfcicvrimglqadyeedltlrrrlrlnrkmviefsllsTMYTLMACDMQVVHKGWIAECYGGHQLVYSFRFIDWACCAPIVLTTSGSLDHAPDGSPRNGLMPSSLLTGIYCIISWQALVVTNFYWSWALIIWAFVSFFVASYEQFYFALWVKDQGASGPVRAAMLTYLVVMLGIYGVVYLLPIQGWISATLENKFYCLGDVSFKIGTSVMLLATndlaigtemrr
A0A6V5EYD9	127	523	14	7	5.2e-11	36.5	314	211	K	qndkwpflvaattffvqtcvggvAVWLSSMIQSLTDRHTQRFQKMLKAYCTIAIFATIMYSSMYFCTSQTAVQLPGGGIHLVMRNFHWAHSTPLQWYVYVNAFAKEGEQDAQQLYEETIAMQILGGLMYLVRSDWLRKLCFASSAACFFLMFFSAWQIKVSTMTWLGERTRVIMLLSWALYPTCVKLSSWGLVSNRFEQVLVFTVLDVFVKTLTFTIVIvarivtglsggvgsmql
A0A6V5CS01	63	199	11	7	1.1e-17	58.3	267	225	K	dpvdpteikhfhrakimllpAMLLELSYLISSRSSAKQLKLQGAEMSYLVVLEYCVKMTYYSTMAHFNGGIAHVNLRAWGPLRACYANRYLGWSIAVPNLMTMNNYPLAGKAPLSVFFVRLFPSLFVTWAYILASWLAEVTPDAPAGWALLVLSFVAYLAAIWDQVVIVLEAGPELRGRRFKIAVVVFKEIVFFIYGIVYLLGVADLMSSLAEQVFYTYGDVMLKVSQASVLVivrnwedlaelqlamvm
A0A6V5ATN4	165	84	47	7	2.8e-10	34.2	322	244	K	kpciessnclallresapatlnvgavcglttvllhevaslflhyrsakplseivegvmdvflpsgllcvtfaillaenvilllespAYLIHNPGHEVGLRGNKPVFTVIYMEWLINVPLLILLVGHCALGRTMRQVSGALIVTNVYIMVAWSSYFVVGNVLRWTLVCLSFAMYGWASLEMGQWTLDWRRENREGVHDGRLRPLLCIGLIFIFGIYGIIFLFSQLGMLTSFQERAWFTCMNIGAKLAMSMAFAgirsgehhellvdmlvn
A0A6V4ZVV8	152	450	35	2	2.7e-16	53.8	325	248	K	lvtifcllgggqsepwahpdpeelwhartamllvfsaiisegcllaansaavrmvgqniadelslhgpgdslltLLMYGVKVLTALHLWWHSGGWMHTDVLAWGGPRPVYFARFLQWSIAVPVMQMMTSRVFLCDQRPSVTLLRCAPSIVAAWVFVWSSWVMEITLSPACRWLLMFLSLMGSVLISVDQCKLAYDHRKEELFGMKMSLVVFQIVIFTWYGIVFELGRFGAISSLGEQAFYAYTDATLKVFQGALLAMLRNRqdlhsilrwwva
A0A6V4XSD7	113	56	35	6	8.7e-19	62.0	283	245	K	lsflvakprpcsqvdrcrelwnempnninqcvlcgliallchevaalyqhqrsarpllhliaglrefavapsllCVTFTVLIMENLILLSSWSVHLAHAGSDDKPVFTTIYVEWLITVPILLVLAGRCGMSMKLSQLTLVVVTTNIYILLAWLAHFMISPVIRWTVVSISFALYGYASVAMVKWVQNFLHSTPDDHPSRITKACLTLGLILIFGIYGVVYLTGRVGHLESFGERAAYTIMDVTSKVIFSIGFAGirshnyhmllvdmlvn
A0A6V4VCN4	52	300	4	10	2.9e-08	27.6	257	219	K	siwhdtlwpfhvaVFFFLVQVAFCGRIAMMLQGISRVFNIRQREIHFIVQVQHVLVTMAGSGLLSGIFYAIALQQKSWLVLRGRCLLWSISAPCQLLIAAKLHSTAPPHECLAVVIPSHICMVMGLVSFNAEGQLLQVSQFGLRHLCYLIAVLCMLTSLKRLFSLPPEPTMKPSRQTVFHVTVVLWFSYPAANVARSLGLLTAWQEQVLILTALDVASKTFLMLsmfseplfalmisvsgnlqf
A0A6V4VC03	45	233	5	13	3.6e-19	63.2	250	220	K	tatcipgyhpatiaFVGGIVLANIQALVFSRLALNTANQREAALLKVNSDALAMNIVTGLAYAQILTAHGAGAVVLRSAAGVPFLPLRYALWACTCPLLCNLCGNHDTARPPHRASSAVVMSFSGLLATVDPSATLNMTCSYVPSLLMLVLSFGCFLHLTRGIVRDVQRFGNSRDATRFLIAVFVSSWSSFPLVWLLVQSGWMSAETEFSALAVCDVCAKCIgtssvvhasslklaeklgeendr
A0A6V4U6C8	52	246	45	6	3.7e-11	37.0	206	206	K	eissvitsmtdlmarrarlgvrdqqllsarefpsmkllsaacmmcvvycelIFFYGIMFSGNVLCCHQDPHLARPVSTGRYMEWSVTVPILMWILGRTLLEHEIEVVLTPILQTLSYLWLAWAGQVVSWPCMRAILISSCFTIYAESAIGQMRWVCWKTKPHESFLCVYQCVVFAIYGAVYLLALGGYMSPETEDYLYSGMDLCVKLFHTGVFALfrrarevdlffrslrt
A0A6V4Q8F2	100	522	5	3	4.6e-12	40.0	324	239	K	scadneqlrsahgaLSVIYLTLLVTTASNFALSSPARRNHSTVLPAVVIETLMVLTYTQIYFERGSARHVRPTFWGGTFYPARVNLWCHSSLMQVLVYASSHNVVQHYGKRAITRHLLTVYTMFLLGTIATLPPPYEAYPALERGWTILWLAASMPLLVSLVSFVWDVLPMALTPSIGADADADDKACGWAASRTLRAIRASIVGSWLLFPLAWLGAATGVLSAEVESLVYAYSDGIAKALTSLVLYNGSAaiqdweaqmaaqr
A0A6V4NSN4	3	102	42	3	0.0052	10.4	174	174	K	clFVSFAFQVCIASGFAWVHVVPPIQGFKESYGFVHSLQFVVWQVKAPIFLVLCGHFVLQRPLSEVSLPAIASSCYMYLAWWALIVDIAWLRCCLVTCCFSTFAWTSCRMLRWVSSFLHRTPKMRPSRRTRTLFLVWLCMLFTVYGAIYLLAMFDFVGSQLAYDTCAILDSSVKVVTCCFLAHFRSveqrdalanfvtv
A0A6V4BSD0	134	25	17	4	3.4e-19	63.3	340	263	K	vglllvanaafgpalgdaklaialpvnqmldtfqimyliaritpiagfgllfaselAVYVFSLGAPSTMYAYMRHPPMAVHACSFIYYVLEMCVNIHTMLDAFGRPVYPLRYILWTCSVSCMFISIYFVVDSTHRVANAVSLRRVLHDDLAQGLLCTNGMFATGFLSGYPWGEDRRHINAFCFLVSCYCFYGALGHIDQMLKSNQTVARDCGATGLAFQFSIVRKTFFCVWHLFPMVWALAACGSLSIQVEHIGYIVADVVAKFLLMFVYVVSVnnfsaastatvegr
A0A6V3QT06	143	387	37	4	4.9e-11	36.6	317	251	K	lvycctyfgglaispwltvhptfkiadarifyticcvvvgvciclivdagthfillrktiiesrgfyqpsqdgnvvIMTTFGLTGLTHMLMASDNTPVYINYCGRGMHLARLSEWTAIVFFVVRISSKLDERYSEFDAMRAGMFQLLSVGCGTFAMVVDEPISFFVSMAISHVFFFDIFRDVYRHYINIPLVAKETTSSARRQAMQRAMLMSWIIAVIFTGYTLVWWLGAFHLFPDEMEMSIYSILDMMIKGTFTSLVIKARvaasvqnehelsee
A0A6V3MYR2	76	473	7	4	7.3e-20	65.5	276	217	K	dvdivpdvhtsivvsgLTIALFLAGVPFHKLLNRKLDNRAHIGILCVGGVTLQCLLTHLQISMTGRVSVYQFGADPKQVFYTTYYAEWASATPMMSLATYHFSTPSTEERKVLAFKLQILNYAMFTSGLVTWLCMNENPLAWIICLGLFAGYIAGQDEMFRTIKSPSKDQRVTVTYLRVFYAMSWCLFPIVYFLGRTGLVSLATEIKLYGHCDMIAKCGLVTAAFHINttfkeeltwlkkvl
A0A6V3JLF7	177	698	20	4	1.5e-07	25.2	372	255	K	vkkvalsslviwvtslfltmqfspsdsmkrtegahrtaailecallysqlfmrissitlAGKWKNLSGFFVAALILQFIAGTTGAILAFHETPVFVDPITGRDVFLMRWCEWAPLACLMTFLVESISAQSMKQPLITGISQGVSVYFGLLLPLCPNRIFWISCMTISCLLYFRIIVRAVRKLQFYRCVSSGNTFEEKDRFERARLASFLMIICAAIFSILVLLYFLAWVLPFFFPSLKYSPWGYVGDCCFDLLSKLFFLHILVDVHaslfdsnsrterrl
A0A6V3D708	209	1202	6	7	3.1e-16	53.6	407	214	K	fnlfgqaftpfdierWAGIAFASAAFTHILASLAEKHSGKSYQLMLAHYSSIVSASTSLCNLSSLSPLFQSNFGGSVSPVRYLMWIFTTPALILMAHGLGDLPMSEAYLAVAADIVVMTAGYLMEIVDDLRLAFLAGIISVTSCVYTIKALAKFFDSAMQNSTPYSIRFIAISKWSVLVLWNLFPAVFVVKLLVPSVHSGTIEAFNTLIHYFAKVMFVEVLVhdfclsvaekealaata
A0A6V3D4D5	96	1306	13	5	1.2e-19	64.7	291	218	K	atknadgilkyavriefcvgiaFGSSAINHLLAWFVEVHHDKRLQLLLGAYIGLVSCLTSAAYLLDYAPLFEDNRGNSVSVSPVRYLLWIFTTPVMVLMSQASSDNTWQQGAMYMVADVAIMVLGYLSEVVPNIILGWMLFLSAAACHCFVVYGIWRSFSSAMDGNLIRNRRYLNAARFSVIILWNGFPAMLVFKIFNPSVAPQMHELMMSMAHFFTKSIFTSLLVHVfclsvsekakiaftv
A0A6V2MHM7	81	516	6	6	1.7e-11	38.1	314	249	K	kfiswdndlefrwlsTIATIIFLSSALRSLFSLLFIHKGQRPPVFCVIFINLVAATTHYSFAVGSYPVMDNCFGRKTHVLRFAEWTSLVFFLMVILNALHCTDRYELYRSAGAQFISVVFGCASMFSCQLDWGGDNLPHSDGHWMHRGSSPNDKWWDPSTFTHWSRSFTISMVFWIISLVTFVDIYRVAALRMSMQKSDGMAAVIQVSLWCAVSWTFVVLIYMLGSLNVDWFNGRTELILTTIMDLIAKMLYANLLGDthlqlqevengyrsql
A0A6V2CCY6	108	1140	6	5	7.2e-22	72.0	306	214	K	leiastwspmihvalTTATVVHAMLQLINLAANNAPRIKKLVLIPLVIDILPMLFSIMYQHGLSPVYLDVQGRVFQPIRYLTWICTTSMLIYLQWLTSESRVMRDLLSTLAWDITMLLSGVWASFASSETLFYFAAGVACYAGYIVLEQQRTIYLESIKVFHHLPHTARALRSVYLFSTLSWCLFPIVWFMGKNDWISHNDEEALWCAADFLAKMCQSIALHQGvlstvedrnqqamea
A0A6V1ZEH0	90	473	7	11	3.3e-12	40.5	322	249	K	niasfdndedfkflsaLCCAAFVMSAFRTFVSIYFHGASHRPVLFCTILINLTAAHTHYTMSRGELPVYDTCFGRKFYSARAAEWTSMVSFLMVLMNSLDCRSYGELMWSTGLQTISVICAFSSTLACKWGLGHGGVDHHAENMEALSRASWWTPAGYAGQPACFRIALFLLVVSCVLFCDIYRVVRNRIRATTSASDVPASQAYYLTVWVTTSWTILVIVFCIGVFNPSWFDNFSEQAFYSVVDLLAKCIYTdalseahllvgasleayrsql
A0A6V1XEW3	135	842	9	12	6.1e-13	42.9	337	221	K	sseraqaaihapgrpdgyFAGFVAFTTFLLSEAAALLLHTDSSSRRVGAQTLAIAVCGTTSAAAHWLDYAPLWSPPGVGFVLVVAPLRHLTWCFTTGFFTYSTWLASNLSQGYLLISIALDTATISAGLLSAVTQGWIKAALYVAACGLFIGGVVRKWRLHGALLADCRGLHNTQEALRRLRWLSLIVWLLFPIVDLLQRTKLVGNFAAELLTVGSDVLAKCVLagavkqgivspseqrttlrrqa
A0A6V1XBL9	41	788	36	12	2.6e-19	63.7	208	208	K	mqdaylagfaafvtflgnevlslllrgdrallrqsvqplgIALCGTTTAALHWLGHAPIWTMAGLNGVVIETPLRYVTWCFTTSLLSHSNWCASSLPLSSYAINVAMDVPMVLLGMAASLTEGPLSVFFYLLSCALFIPGLFHKWSIQSSILAECEGLPKAQNSVRRLRIVSVMIWCAFPVIDILHRCGAISNLSAELLIGAADISAKCVLassikhgilctaedrktarvqq
A0A6V1LC75	142	1074	46	3	1.1e-09	32.2	346	290	K	qvsnaisehcwtaafiigtamilellqviahrmvarrnrviqrrrrlkqpreerqqrgydanntiytlfgwhdsecllvvyallfLTHVLMANDRAGETFGLVFAEPMAAANGYYRPVSTIRYIEWAIASPLCMSLIGRSIPRLERDSNGSSGSSDVSSSSNSSSSNSSSSNSSSGGSTELSDTLRPALVITVSYVFSSWLALVIIDPTWRHALIFVSFVGYTLSAIDQLTSWKIRADENAVCARAYDALLSVQILVYAAYGLVYLLALNGLVDAVSEQAALTYADATIKLTVSASLAAMRYadslaealrertk
A0A6V0WSG9	20	11	23	7	2e-09	31.4	212	212	K	miplfliamfdllqmnriaSGSVPVRRRTQRALVISRVCMWEFTVKIVYYTMLSQGYDFAFWNQRCPDYRPIYLTRWLGWSFAIPTLLFMNLYPIMDEQTVYDVIVRIFPQQAATWAYCWACFLGCIVPDPWMGWWLNILGCVAYVVVIVDEVVLVCDRILLTSQPALKGYSIIVKEAVFIIYTCLFLCGLWGYFTSYACQRFYTVSDISLKSTMATMLFfywcldgfrte
A0A6U9WI17	233	433	43	3	4.1e-12	40.1	398	248	K	vasvlhlyiypelnvisvppedvpfdelylfshgwnsmlvvflietftvilkisctwhqpvvalaqaqklsgnigalfgeylVVGATYVIMAYNFMPVFMEPRTGRRVYGVRYMEWLVDACGLISLDCHCLFNRSFKESRMLYLWTVAYVMFGLWSALASTWLWYWIFLLCSWLTFALVCGGLVRFLWLDPYPLEPFNRRSVKPSILAFIIIWWVLYGVVFMVSFQAPELLPQWVEQLLWTGMDVIMKLSHTIILIAWREtqwdvdtlvsrrk
A0A6U9S908	176	440	39	4	2e-12	41.2	351	254	K	dpsygtmtwhvrssvlllvqgislevcmlasnfastgtrmlaeihasdpkaargmsiagettsqkvrtfltrrttvdsALTLYEYLLKLLIATHFWQAETIVGHRSALFPGVRTVYVARYVQWMLAVPVCVLLTNRAFLVGRSQATTLLRSAPSMLASVAYCLAAWVMELTFSPFCRTLLMILILASFISSCVDQIFLSVREAEVTSRRLKLIMLASQIASFSVYAIVLFSSYFGFIGPKIEQSIYIYMDATVKVLLGSFLHMIRnledtsliqhwvle
A0A6U9LNQ8	111	1087	13	2	8.1e-10	32.6	320	232	K	kkpdpeelwhtktamllvfsamCTEICFLVSSSATVKVMGWNVSTKLQVHTLGDSILTCSEYAVKVACGMYIYYYSGGIVHVDQLAFGGSRPVYFGRFAQWSIGVPILVLLSNRAFIPHCSTLEMFLRCGPSLLVCFVYIWAAWLMEVTPSGVVRWPMFFLSLCGQVVVSIDQLVLAFAHRHQPLFGLKLAMLTYELVAFTLYAIVFVMGRFGVFASLTEQTIYAYTDATIKVFQGTLLAIVRHRsdlqtirhwwia
A0A6U9LMR7	106	1719	27	4	1.6e-11	38.2	285	246	K	ahfvyeidekrprisnaddawliwcqqfaacmaftglifetalavaiealgmrsvcfsnptfsnrlRLNRKMLYLFTMLTTVYQCMAFDVQYVHKGWIANYHGGHQVIYSIRYIEWTVCAPMVFSVVGYLEPGPDGKPRNGLHTSGILTGIYCIISWQGLVVTDFWGAWALITWAFISFFVASYEQLVFAWHIRKSGRAGPIRSAMVFYLVFMITLYGIIYLLPIPGWITATMEQKFYCFADASFKVGCSATLLATRycedmasnaelqvt
A0A6U9K8K0	167	334	30	3	2.8e-12	40.7	338	241	K	alslalswrhrvpgpvpmalrykmvaltlltcgllselttvvqlargnyirnkrlgvrdeqlfalrafpSRASLWISGAMSGVYALLLCVYCLLLSDTCFCFHEDPVRQRPINTLRYAEWSVAVPVMQFIVGSCLLERTDAMLWSPILQTVSYIWIAWAGQMVSHFWLRAILISSCFTIFAESALAQLRWARPGQLIESVLLVSQVAAFAIYGVIYLLGLAGVLSPDGEDGFYTLMDVTFKLGHTLAFIALHRageidyffrtirt
A0A6U9JUC6	203	787	47	3	1.3e-09	31.9	363	247	K	rlswharsamlliiqsmvlevcvlvssytavgiagddlkptsegkseitaekekvtkranlaehnfgdsmiaigeyiikfftafhfMYPEQVIGWKSPLSPDPDRAVYPIRHLQWAIGVPLLVLLSNRAFLAGHCTQVQVLLRSTPNMLLTVVYCCSALAMELASSTVMRNFLISLILVSFIAASADQIMLAFSISNVTARNMKLAMLGYQVTNFAAYSVVYFLAYFGCISCSNEQSIYTYMDASVKVLHGCFLAMIRNyediriiklwwte
A0A6U9GH38	97	113	49	4	0.00013	15.6	254	246	K	aacallapsacsrvqecaaaheqvathfsgyaayglgmvlvgelatlistytgaaetqsmlpdlqsrcmpsiflvvcflaqicedsvfVASTSPWFASARPDLQGPAYTVTFVQWLAIAPLFFAMAGHCALGRPLRDLGWPVVATNVCIVLAWMALLTSGTVVRWSLVAAASLLYAFACLNVVFWVVDYAHQAPPGLPSRWLRPCLSLGLIAALAAYSSVYILVLVGVMPPRMERSVVLFLNVGTKLAFSAVFAVMRgneyhlvlvgglrt
A0A6U9DUE9	84	11	8	13	1.1e-11	38.7	304	238	K	gatgaergfdgtstpaaIFGALFIQGVVQVFTAQSEQAKQSMAMVTVWLVTCLFYLRQWLAPPCALAVRWEHGGGLVPTQYALWSTSMSGQVVTLHALERREAAKRSPASAAEAGTSPGVAGGAQRQCCAALLCVQSMLWCGATADALLSAPLALTASLLAASFASFYLLLHCGIRAPLAACRRHAADTATGKRLRGVQTYLLTTWHAFPLVWLLDNSGALGASLTRDAYLASDVAAKLLpislylavasr
A0A6U9CAZ9	110	868	40	4	1.9e-15	51.1	271	241	K	wlafaiwklelplthgqctvcsagvnpflmaftafliqlavvlgivyslqlltrsgntrrsnagptvqglcdcgvtwmrICAVCCASYLSLALDVFPAVRLGTRWVFFVRIAEWIYTVPLMWEVFARTFSNANEQEISELACTTILMLTIGYVGVFCCQSTALYSLSIGVACSLFLQQAKMLWQLRPHEIKAVQALGRVVFIVSQSIEMLYPIVWLCGDLGLISPATDQIWIYTILDVVCKLVVVWGCIALRfyqafpalsvsflg
A0A6U9B4M6	93	121	18	8	3.4e-11	37.2	280	245	K	clvplvaialwgifdtwrekglpaiasvelpwlaewrapflmaasifgsqsfvsfalMYVLRHMRELADCWGNRYQVTLFLYACMSLLGAIMYLLKYWCNSHIAIDVEGVGMYLFMRSMHWTISTPTQWFVFGQVCTLATEAEMAPIYMHTMMIHVFGTMMYFMGEAKMRWFAFFASSWCFCECFRLAFQLKLRKDMQVVGARLRLAMLIVWTGFPVAVMLRWCGYITPWHEQVLIFSICDVVTKSITFSAIlvsrvilamaringtvql
A0A6U8WWD3	84	59	38	7	2.4e-10	34.3	258	252	K	elcvfftylqvlsaliahaffslgprvqaapkdevelfgnvplmllpflipalvfnlfeqfvrtrkdsralttsrliIVEFGLSIAMYTFMHSQGGGVVYQNLRSHGAPRPVYVARYVGWALGALNSTIVLTNLPLLDGYTFTEAMKRLAPMCLASAAYCWACCLGMIVQSPAMGWWLCVLGLVSYLATAVDQIELVLQHWNTRMLGVKVFPVAAKEIVFASYAIVYMLAFRGETSSYTTESAFCFFDLTSKAVAALFVFlfwaalpaqgaagkarq
A0A6U8WW14	108	497	12	4	1.3e-17	58.2	301	215	K	pvdtafapmdavsvasassfaSLATINFIACLLSTSADRRRLSALGMAIAAMACVAYWSLADGVGVLSTYGRPFSPLRYVLWAHTTPGLALISGSSHSASEAGRRLHRNIVSIMMTGFLATAAVPEPVARLGVAALWAWRIGWLGASFAYMFLSLRRVCANILSQATHPLTGQLISTLTALSWSFFPALWLASQTDLLSQPAELTLLALADFCAKMLSSVSLLLHAaeshsqlerlqlsq
A0A6U8TDU8	190	37	61	3	7e-09	29.6	342	253	K	vvlvedhftwharsamlliiqstvlelcilissytavgiagedlkptggtesqivkrkeqplekmdlaqhnfgdsclimleyvfkfftalhfmqkegvmaYRAPLSPDRSRAVFPVRHLQWSFGVPFLVLISNRAFLAGHCSEVEVLLRSAPSLVLTVLYCLASCVMEVATSLIARNLLIVLVMASYIAVCADQIVVAFSVPGVTARRMKMLMLCYQLLTFTVYSVVYFVAYFGYMSCTLEQSLYTYMDATVKVLHGCLLAMVRNyedirvirlwwte
A0A6U8RW75	147	390	11	4	9e-14	45.6	344	218	K	rmqyftgdlaiagviaegacIMAVGHAAVGTLAGTLTDAKMMMFMFSVLSVTYLCMAHDVPMVHEFSLAGDFGQPRPVYTLRYIEWTLTTPVLSLSGARGGKGKDGDKTNRRGNLRASAFNIGFSCVDAWVASVCKNHAAAWFLIILCYISHAVACWETLPFAWRIRDTRFGYVKAFMLCTYMMINTIYSVVYCFALFDLISPVAEQKFWAVGDITSKYIWAISLTQVRdaawreelrierie
A0A6U8HQN4	127	3	37	4	3.1e-15	50.4	313	263	K	lawpmclytmgithamigapdplkgfrvlwemqdpleigfailpvtafslllfsevmtwlftligphvvfgymrhsVMAVHAMSTVYYIMEPACGALGIVDTFGRPLYPLRYALWMCSVSCMCISLYFVLDNLLLERRAAREALHQLLSSALLLVFGTFLLGFLATKPWPGAAGTPAMYASFSLYALSAGLFSLMMRRVVGMLHLLSHVFKKRSSILVQFRIIRYAILITWHVFPIIWLLASFNLISARFEHYSYICGDLVAKYLLLFVFVAVVnnr
A0A6U8EGB6	123	2	13	5	3.9e-10	33.7	329	229	K	anrvvmvfriapvvvfpltvgeGCLLLYFAATGPNGWNGAQVSWFMQLVIASTVAVMLFYLLEASSGRCVLTSTFERPLEPSHYLMWMVTMVIDSVTLHMLMAVQRRARGEEKLLCERKLAEVILCTQAIFFAAFYGNLLRPVSALNLLLMGTAFASFFVVLYRNYEVVKVATMDVYAIGERLALRFLFIRRALSIKWSYYTIVWMLAASHTISIQTEGLLLTALDLLKAVFAISAWALyl
A0A6U8D0C6	142	42	27	4	3.1e-18	60.2	338	263	K	aalvhavsyfseshgaaeanflsslpgkvldrslllylgvrlmpiaifgmmlvsevseivftrgfpRMSFSYMRYPVISVHATSLFYYLVELCLTTHTMIDAFGRPIYPLRYVMWTCSVSCMILSIYYVVECQHRHLRADAATLRRLHHELATGLLCVNGTFTAGFLAGRPWGDDRRHINAICFMVSTACFYSMLACIDRMLSSTQEWAKALMPALSWQFAVTRNAVFLVWHLFPIVWALAAADAITVEVEHMGYVASDMAAKFLLLFVYVASLdnrstdedpirrta
A0A6U7YVQ3	62	6	5	7	2.7e-20	66.9	291	244	K	vdtheqvppfvvaaLCAVFAVLAASHISSLLFAPSKKRRRLCFLGVAITGCAFMAYSSMLSSSVILPSTYGGRPFEPLRFVLWAHTTPAMALIVAAASSPPWYPGNPSGEGAAGTAGTDEPIPLLPLVRMIGAGCMGSGFMATARVPGLPASLRAYPDIETLYTYAWRGLWLAASVLAMCIALYRLCRLVQLDRSAPAFRRNLICTVVVATWSSFPVVWVLAELGLVDGAMEVSLYAICDLCAKSFCSYVLLplplpl
A0A6U7QH13	81	290	3	5	1.6e-30	100.3	284	216	K	vavivnglplpqFWMNACAGAFLTTLCLDIFAWTWTIEPSRASMFAFPLTIGACSTVCYVALACGYAPILQSFDGRRFIPSRYLKWMFTTPLMLLTYASLCEISLEEVVFTLFSNFLMIIFGAMASYCIVPHNFVYLGLSFLFYIPVIYYINKMLVLAINSYSLEEDAKRRALNSARIAMLCGWIAMPVLWVLAALQAIDVTTEEIGYELVDFLTKCGCSSMIMHSslqtqadreaersrq
A0A6U7MLP4	98	599	36	4	1.7e-13	44.7	273	251	K	alsyalarprlcsevalcqenhaaipamycgylacglflvllhevvslgatyrgvrdtkalvptmsnrclpsllnITMFAVLVAEYALVSLEPTAWYAHETNGIPGMASQPVYTITYVEWLMTVPVLLVLAGYCALERPLEEMARPVLLTNAYIMTSWIACVSANEPLRWALVIGAFGAYYLVSKDMVNWVEAYYRTVPADFPSLHLRPWLAIGLILDFSVYAVVYLAALTGRIPVASERMYYSYLNVGTKITFSIMFVAIRgeeyhrtltrvlrt
A0A6U7L3R9	96	0	27	14	2.1e-08	28.0	279	250	K	gililtalasskigprwdppdpeelghagtammlvfssviaeacflacstantwflgtgladqlqlYGIGDSMLTLMEYGCKIACALHLWWANGGVIHTDVQAFGGPRPVYFDRFAQWSIAVPILVLIVNRAFLNETCSTSKMMVRSSPSLIASFVYVWAAWVMEVTVNPVARWLLLFASLSGFVCVAIDQLKLAYDHKGDALFELKLSLVIYQLFANSGYAVIFLSGRFNLMPSLTEQKIYAYSDATVKV
A0A6U7JRW3	114	207	36	3	3e-14	47.1	287	249	K	gfvillaliccdisprwakpdpdeighsgsalflilsavmveicflatsaanmkllsrdttstlplhgvgdsvvvLAEYGCKICTALYLWMFEGGLMHTDSQAFGGNRPVYFARFMQWSVAVPILVLITNRAFLADRSTKELMARSAPGLLAAFVYVWAAWVMEVTVSPVARWTLFFMSLCGFLLTAMDQLKLAYDHRHDQLFGLKLFMLGYEICMDASYGAVFTLSRFGLLSSLTEQKFYAYSDATIKVFLAAILTVVRNregivairhwwta
A0A6U7JCZ4	53	229	8	5	3.7e-11	37.0	242	207	K	wpflvaattflvqsligVILVHLSTTITSLIDRSGRRFAKILQAYVAVSMTAAVMYMIAYVCTVDFTVTLHDGSIHLLSRNFHWVFSAPLQWYIFIHSCAKDTQHNRRGLYELTFALQLTGILNYLTVSVWLQRLSFILSTLCMVVLFRSVWRVKLLFNWRIGKQVRVAMLTTWSCYPVVYYLARWGFISNWTEQVLLFTVLDVTAKTLTFTIVIAArvatglsgvmgsmql
A0A6U7J3B4	30	435	38	7	2.7e-11	37.4	195	195	K	glvltslsgsiqsltdrnsgrffgmikayCLISASAAFMYLVAYICTVHAAVDTPEGGIHLISRNIHWCWSTPLQWYIFIRACAKDITEDRSELYEATVAMQITGGLLYVVKALWLQRLCFWMSTACFALMFYRAWQIKTIFNELDSPGLGNYFRAIMLVLWSAYPIVYYLARWKWISNWAEQVLVLTVLDVCVKSLTFTVVItlrvvsgmssiwgsmql
A0A6U7GJB6	144	59	61	7	2.2e-10	34.5	297	254	K	vtvitmvvtyiavspepcsevpacmaeyeqplgvmsllavgglatalvleavslylayqsakpimglikgidstfvpplllciafmglllenicfafmevPWFVHAGGAQENRPVFTVFYAEWLINVPILLLVAGRFAMFRPLVEVSRPLLVTNVYMIIAWSAHFVSDATLRWVLVGTAFAMYGWASWDMVQWVMKFREKASKDLPSRTFRPILTISLIALFGVYGAVYVCSLEGIISSHTERVFFQVNNFGAKFLMLMAFAgirasqyhdlittllvn
A0A6U7F7K0	84	145	8	11	0.00013	15.6	294	228	K	vphegrlgeterlacllALTIQIGSLLHDTLVRQQLARHTSWVKTAVLAVKVMAMLTNVLIYTGYSPLVVDRITGRSNCMFRWAEWTVLAFTMTFIVDSVDGTAGSLRQSLLQASSQSASTLCGLLLPFLRFALWVPTLLVSFALFFVLFWRLYNKQIALRRARCELPSRSFALRQKELGVTLLRQCAITWTALVILWSADAVSRWLGLCSETDWGFIADCVVDVVAKTLYSstirereeavpirqeqhnqkv
A0A6U7ELH8	112	49	45	2	1.9e-14	47.7	280	253	K	qvlvtlgvlltceiaqqvprhedeglidaqwtvahltfagvlfqgafitnlpsrslmmdvpgmrevlnrsasdarmmwfmfaclSAAYFLMASDYHVVHEWPLAASLGSSGRKVYALRYLEWSVCTPLLAIVGCSGCKTADGTEIEHRLYGSAFNIGASCFAAWAGSVSTNLTAAWCLWVCAWITHGLACWEHLPFAWKIRHARCGGVNRAVMICIFMGINTLYGIVYSFSLFDCISPMAEQRFWIFGDLSAKFLRAVLLQALRHKddqdlverirea
A0A6U7BIF5	137	252	34	2	5.1e-15	49.6	295	232	K	grrihnaqvvdgfclvvrtllvlgfvfewcnlvsfsiarlmrqhqlghrgahllgdeafpsikflkasaamcsLYTLLFITYSATFSRTIFVAHLDPVLNRPVATLRYVEWSLSVPVLMWIGGELMLGQTHDRLLPPIFQTVIYIWLAWIAQMMTSEGLRMIFAGASFSIYGLATVGQWKWLESGMLLESSLLIFQILCFAGYGSVYLLVLGEVISPAAEETIYTCLDIIAKIGHSIAVMTIRRHqelyttfaslrg
A0A6U7AK78	171	176	61	4	1.2e-09	32.0	330	260	K	tllvltvaalfwqlapmclsieecaetalshnnhtnwtvstprnraaalfvlllkelcnlvtafweaqeqrleaftrwwqsllllclmltvllgteviavLQGKIWHAVPPVWPYSASWRWMNSTRFTEWLLNVPIILSIASHYVLHRPLVEMLAPSLITDIYIVFAWIGLVSTDSVQRTVFIVASFSGFIPSSILMLRSVRAFLRAEPHCRNRWARVSVVLILLVQFASYGMVFLLGIFGLVESQAEEEFYALNEFLIKLTLTFALFIVRsmerrqalhevnss
A0A6U6YW80	184	38	61	2	2.9e-12	40.6	336	253	K	qatgagsthralvvpvaisvlaapqvhtavviagvsfstkfiytfvsfimavashsmslrhpdepdrtvqrrsalalgfcagthmlaliaqqlpsaslqlLLESMGIDLELLSGAKGLVFCHFLEDFVVQPILIMNLGYLSGQSPRRMIPCIAWSLLSTFCSSGACLTTTSPHGMILVLLGFSSLGLAAQAVGQLPGHAQSVHTVNKQRSQIAGDLLVFTWTLYPTVQALGFVGSLTPQQQLHLFALLDMLLKVGVCHIMLRARAAlrnaarhfeqkq
A0A6U6YHG7	164	177	61	4	4.8e-08	26.8	320	257	K	itaiiwhlapqcldvpecaatvappgaegsvqmdstprnraaalgvllckeltnlvsavkeanqyplnafvkwwqsqfllctilfvllvtelvsslagviWHAVPPTDFFDPSWRWVNTVRHLEWVTNMPLLLTLSGHYLLHRPLNEVMAPALLSTFYIYASWQGLVVPNAPARIVLLIVSFSGFILSTVLMCKWICRFSREAQKMRRKNRWMRIVLVVLQMLDFASYGVIIMLGVYGDVSARVEEELYALNEFFLKLTLAFALGIMRsserrdavreinrr
A0A6U6RFA9	124	68	61	7	2e-13	44.4	277	254	K	lvaaslafvclsprpclqveqckttfveasssfnghavcglitvflheltalwlnfrsarpifgliadiehvflpplllcitfavlavenslfmtedaaaFAQASFQGAGDSRPVFTVIYVEWLINVPLLIVLVGKCALGRSLRQLHWPVVVTNLYIIIAWSAHSVSDTSVAWALVVVSFVMYGWSSFKMCRWVIEYLRSAEREAPSRWLRSSLAVGLVLIFGVYGGVYLIGFMGRVSVGLEKLLFLCMNISVKLVMSMAFAgvrsseyhdllvdmlin
A0A6U6R6J0	57	171	55	3	5.2e-08	26.7	212	212	K	avlllkelcnfwmayheaqehklesfrrwwqsllllnivlvvflvaeavdvfwgeiWHAVPPQWPFATDWRWMNSVRFTEWLMNMPIILTITGHYVLHRPLPDVVAPCLLTDAYIVLAWLALIVWDSTWRVVLLFGSFGTFLPASWLMLKWLKLFRNEEHSLVRSASARVVLVVVLVLQFTSYGVVFLLGVFDLISSKYEEQFYALNEFLIKLTLTFALYLVRAverreslrqvngs
A0A6U6LJA2	88	68	14	3	2.6e-06	21.2	296	232	K	myiivpserierlegiertaatlAAATLGVSCLSTIHRSFSGVIAAALVVQLCAVVTDVLMAAGPVPVLIDNVTGARVHMLRWCEFAPLAFLMTLLTEGGDMANDPEGGIRTAYVLAITQGASTMFGLIFPFMPGVKSWAFCLFSALLLFMPIFFRLAGKMKKVRSMDPKGKTYRRSVLCLRLLVVEAVVWTLLVVGYLVANVLPAFVSGMPSLRHPAITMLYDCTMDVLAKVIYMALIVNVHDamfsqesssqggr
A0A6U6IF49	55	0	11	15	2e-14	47.7	243	209	K	gegrapflvagsilmsqslvGCIFTYVLRNMQELAGYVSSRFSDAMSLYTWMSFVTASIYLSLYCGSGHVVVSGGDHLLARSGLWTLSTPVQWLVFGHVCTRATEGDMVPIYVHTVMIQVFGALMHFVGDVAMRWFCFFAAASCLVQSFRYAFRLSPSKDMGGVSEQLRLVMLVVWTGFPVVVLLRRCGYLSAWQEQVLLLTVLDVLSK
A0A6U6D275	155	703	5	6	2.4e-19	63.8	362	222	K	mpnvhvimhqakfvKVLATCIFGICIIIDIAGVLFQVSSKKRQLNSLVLFINLVSFTVYLSTIYDLYPSMYDFQGNPIYVQFFAQWMNTTPVMILVLASLGSSMQDSLVQDWGIVIRAILWDEVMLTLGLTHTFLGPGLYGWICFGCAGCCFMTVMWYIHSISSISLSNAATTYEIMSLRGLEAITYMLWVLFPSLHILHHLGLLDTLQYEIARTVVDVVVKAIYSVALMSgnfclldtvatlrvaq
A0A6U6D1G5	87	109	4	6	9.8e-24	78.1	295	222	K	aqsdevtldkskfVNVLAAFIFGVCIIMDISGMVFQVSAKKRQLNSLALFINMVAFVVYVSTVLDVFTPMYDTTGEPIAVQFFMQWMCTTPIMILVLASLGTSMEENLVPDWPLVINAICWDELMLVLGLTHNIIGSCFIGWAVFCCAASCFVVVYYRIWQIIDRNVKQAATTYEITSLRGLQIYTYLLWLSFPTLHILHHLHVLDDTQFSICRTFVDVLAKAIYTVALMTgnfcildtvatlrlqq
A0A6U6CG33	110	413	33	2	2.3e-09	31.1	296	259	K	aalwigaaaftpvtalapqhsggaslalgaaslvmgvsfatrglsllfreptpgaggpdgtqpsvvgsrisgAALLGFFVQACAAVNNGTMAFFATPMYIDPVTGMDVYLLRWCEWAPLAFLMAYLTASMDVDEKSGGLKAALRFGLCQGLSTLCGLLFPLITNRVVWWIFMIISIALHATMYPLLVSKTKKLKALPTEPAHSAAEMERRDRIRVAAQLIQLVTVAWCTLIGFYFLAWFLQLDPTTHALMECSVEVLSKHLYLNFLLDAHHRifdpskkaergl
A0A6U5ZR82	9	19	6	6	3.1e-22	73.2	215	215	K	mdkakfvkVLAAFIFGICVVMDLAGMIFQVSAKKRPLNSFALFINLVSFIVYVSTILDYFPLMFDFDGNPVQIQFYVQWMNTTPIMILILACLGTSMQDVLVQDWGVVVNAILWDETMLVLGLVQTMLGSSIIGWVCCVCSGCCMVVVFRRIHQISNASVNNAATTYEIASLRGIEWFTYMLWSLFPCVHVLYFLRRIDLVQYEIMRTFVDVVAKAVYTVALLTgnfcildtvatlrikq
A0A6U5YVI3	75	15	3	7	2.2e-10	34.5	287	225	K	tripeqeievfnTVQLVLVPTMLAAVIFFISEQFCRNPQRPAALMMSRLVIFECFIKIAYYTVLAKYNGGFAHVNLRAFGPERPIYLPRWIGWSLAIPTLIAMNTYPMMDTVPFPVFFRRILPMQAATMSYCWSCYLGCIIYDPWMGWFLISLGCMGYVSIIADQAVFVAQRLCVTENAAAKGYSVIVKEMVFATYTSIWLLGNWGYCSSLVCQKFYSYGDVSLKASMTLLMFifwnikdgakpfret
A0A6U5VDB5	16	462	43	4	1.2e-10	35.3	181	181	K	mkfeghigallgeyfIVGTTYALMGFDLTPVFLEPRTGRRVYGARFMAWLVDSCGLVYLDCQCLFNRSFAEFRMALAWTVVNMVCGLWSALASTWAWHWFFLTCSWFAFLMVCGIMVRFMRSDPYPLEPFGRTLVKPVILALVIGWQALYGVVFMIAFWPDQALPEWVEQLSWTGMDVVLKLFHTAVLIAWRgtesefgaltstrr
A0A6U5U7Z9	128	801	61	4	4.1e-08	27.1	284	257	K	clahsfiivvsmmavwfsgetplrwtepdpeanwhartavllifsaalaelcflasnsmtveivdenmqsqmrlhgtgdsiltlgeyatkfwcgtylwyyEGGIIHTDQLAWGGPRPVYLGRFAQWSIAVPILVLISNRAFLAASGLKTTMLRSAPALLLSALYVWSCWLMEVTTNPAGRWFLLVMTLLGFVFVSLDQACLALQFHYVSTYRAKVFMIVYQFVTFTMYAAAFLMGRFGLVGCLAEQQFYAYADATIKVFQGAILAMIRnfedlrhlrhwwle
A0A6U5PUZ2	104	339	51	3	1.3e-15	51.6	268	255	K	aflvavagialtlsspvpcwavqgcvkiqsdmprefhwlvvsglitllmrevvtlhvarprapglgraegtgshvllclalaalicsetsMASGTPWEHAMPPGGGGGLVEPWRPVCTSRYMEWLISVPVLLLLAGHCALGRPLSEVAGPIAVTDAYMLLGWVAMVVDTPLLRWSVVLASFLGYGHACRGMWRWLQAYLKEVPADAPSRTRWMSALVMLMVIFAAHAAIYLATLAGVVSSYAENLTYSILGCGAKVTMCVIFTTIRAsdqrqqldallck
A0A6U5PHK3	60	58	61	10	2.4e-12	40.9	217	217	K	favgglgtavvleavslvlayksatpiiplikgveetfmppallcmalfvlllenscfaFSKEPWFVHASRAVDGRPVFSIYYMEWVINVPVLLIVSGKCAMFRSLAEVSRPLIVTNIYMIFAWSAHFIENSILRWVLVGITFAMFGWASYDMVNWAIAFRQKAAEDLPSRTFRPILTFGLIVLFGIYGVMYVLALEDQVSTDAERVFFQANNFGAKFLMLVsfagirasqyhdlittllvn
A0A6U5G4X7	115	123	14	7	7.6e-13	42.5	310	219	K	lkvwnlmdrwpflvaatmfsmqtIVGICLVTLRGSLQSLTRDGHRFYQMIMAYVTISASAAVMYLVAYICTMQVTVDTPEGGIHLLSRNLHWTWSTPLQWYIFIHSCAKRPNERRTELYESTVAMQITGGLLYVVKSLWLQRLCYWMSCACFALMFYRAWQIDTQFNELDSPSFGITLRCVMFLLWLAYPISYYMGRWLMISNWTEQVLLLTVLDVCVKSITFSIVItvrvvsglsavwgsmql
A0A6U5EYU0	87	425	33	2	6e-12	39.6	266	252	K	vvlvtawlhsvpcadkaecvalkgsqhreshafaalglgllflresvglsstirelhetkemwstrkvcppvFLLCSILFVLTTIETIFWMTDTWSHAMPSLGGATEAWRPIHSFRYFEWMINVPMLIILAGNCALARPMKEVIPPVVITNCYVSWAWAAQVATSPSSRGFLILMTFVGYSWASWIMCVEWVRDFLSEKPFNGRSQYLRILVPVGLTLLLIAYAFIYLAGIAGFMSADVELKSFTLAGFMCKVGFSAVFAYFRWVedrqnlaslmgk
A0A6U5CSZ5	115	405	7	3	1.9e-10	34.7	324	226	K	qgiaphevlwlkevvlVLAVLLAVEISYFFVSRVDDTLKPWVLPSQRWPSWCMCGIFFFLLTCELNYIAGWDIQHSSPPLYDVTQAWRPVATTRYIEWECNMPLLLILLGHYVFDRPMAEVWPTVLVCNAYMAISWQALLLPSPHAREFLIFLAWIGYVYQMRDMWLWVVRSRTSTLPVRPLRVGFLLFHMIANGVYGVFYMLGVAQAFSAKNEFRIYMVSDLCVKAMTAVVVSIIHKadmyhagisvask
A0A6U5AXA1	141	385	46	2	1.3e-15	51.6	306	251	K	gallwaqstpchakaectamrstmeadyhgfvamgigilfarealglagtlrelydtremwstmrsscppvlvlcmvlgtltvieVLYTNIANPWAHSMPPTDGYTQAWRPVHTLRYLEWFIDVPCLMTLAGHCALSRPMKEVLGPIFITNAYILLAWGALVAPGAHLKWTLVAASFVGYFWASVLMMRWIWAFLEDDPFDGRGKHMRILVPVTLTVTFLIYGVVYLLSLAGVLDHHKEQFSYTMLAFAAKVVVTATFAYLRWVedratlaglirk
A0A6U4Z9G6	118	364	47	4	5.4e-08	26.7	288	257	K	vcfsvvclstwmsgvsplscgrafgceeqfpapeevpflkesvlvlallltvevcsllvkscqkpaenlvppdsigewptsvmcwiYFVLMLCQITYFFGLDVRHAMPPVSDAGVQSLRPVLTMRFFQWNFSMPLLHILIGCYVFGRPFSEVWPAIFVTDTYIVLSWEALILPYGLLRGVLVALSFVGYIGQACDMWMWAVETRQSAMPVRNLRIALLIAHICFYGIYGVVYLLAVGDLISSWSEYICYFVLDMTVKGMTATVVSMIHkadmyyngmsmaak
A0A6U4TCU4	84	599	6	6	1.7e-22	74.1	291	223	K	pkatvieirlerlckIIALAVFGICVALDLSSTLFQVSPKKRFLSSLVLCANGISFVSYCAMLWDWFPQWKDMDGGSLEWLHIFQWGFTTPCAIVILSSLGAPMEDQNILNTQLTLKVCIYDELMIVFGFLGGFLFPSGPVSWVCLGIATTFYFLTVIGTHDICCLGVQEAGTTFEAASIRGLEWFTHVLWSTFPIVFFLHYFGFISPLEFMVSRIIVELIVKSVYSVALLTgnfclldtiaeirlls
A0A6U4TBY9	92	627	9	6	1.9e-20	67.4	294	221	K	vpervhalpatslveaiaITLFGINGCLQLSSTMFQRLPKKRQLNSLVLFINFVPFFTNVCSLTKRFPSFQSMDGRPVEYLHVFQWGFTTPTMIIILSALGTSMLKSLVYSWKVTLRAILWDELMLITGLIRYFVPRPYDLIFFALSSIFYLLTLRSIHGICKYACKNAGTSFEINSIKTLEKITWVLWSTFPLIEVLERAGLITFAESRVCRVLGDVFVKTVYSVSILSgnfclldtiselrmaq
A0A6U4BC21	90	625	4	5	4.3e-26	85.8	292	216	K	dalvidgqglpwkTFYTTMAAFGTSLMLDTVTWLWTVDKRIARLFMFPTVIKWNSFVSYWLMSNGMVPILLDFKGRRLMPTRYLQWVFTTPAMLYLYSILSFTRQEELVAAIILNELMLISGFLASYLDPPSNLIWLCASFGCFYFVICAINNMLLAAVERCSPDDEGHRRALTWARLFMTVTWSFIPLVWCLSAIDMISVTLEEQLLELFDVLSKAAASSMLLHCsmqtqsakilvkqsa
A0A6U3WT23	138	494	5	6	3.5e-18	60.0	347	224	K	fddhtcwenktfrfFSFVTATMFAASFIQSSIHLFYIHDSRRSAIWCVMTVNGVSLCTHAMMSVGAMPVFISPWGREMHVARWAEWVSLVFLLMVLMHSLDSRDMKRNFISVTAQSVSVVTGLLASILPETWWYTAGVLMFFSTIAYCDIFLVLYRVVSPENTVDPSNNNVFQVLRAQSVLLTIACTVTWSLFVIVYFVGMVNVTSFSSVAESMALNVIDVIAKFLYASVLSQchinslspeetlrqsl
A0A6U3L8D5	90	718	21	3	1e-23	78.1	285	256	K	vdfaklstpklyaschlacflltmmvlsivrrtqvltpqietwapsfelaymagivmdsmYWMLTPEVDNQDMHLLSSLIKVEAMVTYCLLNADMLPAYEDLNGRPLELGRYVLWCFTTSTMLYLDGVMSGTVAKELVQVIVSDLLMMVTGLLAEYWGGWVSVISLVVSCFLFVVVVCSQYQMIRVALRRVSDMCGTPITDQDAEAENEEKLHFACQTFALCMWSSFPLIWLLDVAELLEPSTVSWAYAMADLIGKTTLPSMITYGVMqnlklrrmeanrq
A0A6U3KR99	137	436	39	3	6.2e-15	49.4	305	247	K	vivcylaharmvstyptdgvvsvvadvhttivvsaaittfffsvspfyalfweratkegehvgiysrshvgflcmcgvTFACMATHIYIAAIGQIHTLNTLSGSRVFYTTYYCEWITTTPMMIQSLFHFAEMTKRRRIVVIRAQILNFIMFTSGSWLWGKPTLLKGVINAYFFIGNLYSQDRLLKFSKVVSRDEPLQREWDTYNSNLRIFYTMTWMLFPMIYVLGTLEIIQPWMEIKLFAYADLSAKVGLVNMAYRYINnateeiawckkil
A0A6U3I5S2	97	1207	6	13	2.6e-14	47.3	356	275	K	nnevyaegstirlsaVIVFVFNIAQNFASQMTMSPADTESRDLANSACTVNVVALFMFSLYSAAGGIGSDLVASQQAGGGISPRRYIMWILTTPSLIHAVGIRSRLSHVASEERRARPDSEGDNVVPDFGIPTESSSKSLSTMDTSGDSLRSTELSLQSPFQDERVANIASLTMFVTGFLGIARFVWDHCWAVVPMALLTASFACFGYISCFIWLALSQTKVRRGMGLEGTRDALRNLFLATFSVFPLAHLLAFTGVMDPVMEEKVYCCGDMLMKVMilgnvavenvfetresllrrikd
A0A6U3I2J4	97	554	6	13	9.9e-15	48.7	356	275	K	nnevyaegstirlsaVIVFVFNIAQNFASQMTMSPADTESRDLANSACTVNVVALFMFSLYSAAGGIGSDLVASQQAGGGISPRRYIMWILTTPSLIHAVGIRSRLSHVASEERRARPDSEGDNVVPDFGIPTESSSKSLSTMDTSGDSLRSTELSLQSPFQDERVANIASLTMFVTGFLGIARFVWDHCWAVVPMALLTASFACFGYISCFIWLALSQTKVRRGMGLEGTRDALRNLFLATFSVFPLAHLLAFTGVMDPVMEEKVYCCGDMLMKVMilgnvavenvfetresllrrikd
A0A6U2I190	116	1106	5	9	6.9e-21	68.8	317	216	K	rdptyrvpplliltYQCCMVGYTASLILTLLKVIFERNPSKMKLHLTSCYVNALAAVSYCMLWTGFSPIRIDVGSCLYIPQRWILYTSTAPAIIFILTNISDYTPRMQLWVIMLNVFMLVSGGLATIPFISWPHKVFWYFGSCAPFPSILFHMWRMVETSLAEISEPTSRNSINFIRFFSIATWNCFPVVYFISISGIMPIDQIEPVWAVLDWVTKMVYSSSlmeanfftiaqrrenvmka
A0A6U2HPL7	54	292	5	8	1.3e-16	54.9	287	248	K	larwpmaalwimtaSVSYFALTACAWLFFNSRDAHATLRAQVSSSFFDRSIFVFATATVIDVLNALFELKTSKLDSILLPTFIKALPTATSVLLRYWSPAVVLSKWGRVVIVQRYVCWMHTTPTILVCIRLISTSITKAELFEAVVWNEVMLVTGLLALVLPTALATTACFAVTHLALLPVLAYMYRGFTEAIANPQMHTPKPVMWLSFCVFVALWAAFGAVWDLALFDVISPLTEERLYQACDFAAKVLCSSTLmlrsfkgvdarrvaamra
A0A6U2H1Q2	71	338	6	6	1.2e-25	84.4	267	212	K	ygslvdkewtylvpaTCFFTAFVLSLLTMVFERDTQRFRLAFFGAYIQILAASNDFLAYMDMAPIVRGSAYGSGVNLLRYVMWAFTTPAMIYLISLMSDSSTAQILLAIAADIVMIVSGLLGSVLQSVPLSAFCMLVSFAMFPYVMSMQWVMFQSAISATINCTNERSLRMLRIFTLSFWFSFPIIWLAGAAGLLSPATEEAMWTVSDFCGKVMFSSSLLYgnfltleqrklitmrv
A0A6U2GVJ9	107	1219	30	4	4.4e-27	89.1	281	244	K	tlgsaqnqagciqhasiiqscqeldvicclhmhsqvpdvlaaippaafggaliislldlrsslssrssvTFKCNVVLSCVMTVAFSTDLLIILGLTPVITAGNMRLFYPLRYIQWAHSTPVMIFMLSMTSQLPMQDVMVAMCFDVCMILTGLASTMSPRLQWRVALALLSFGSFGMVLLHMGKLVLGSSAMSRDSHTHASFNVMLLLTTVVWMLYPLVWLAIEADIISPSAEVMVWFVLEYAAKAMFMSQLWQTNiktlderrqqvlea
A0A6U2CG28	10	355	7	7	9.9e-25	81.4	204	204	K	mrvyqyseaAFFTAMVLNMLSVFYEETQDKRQLALLSMLIKGLSWHCDYLIVTGKAVVVYDAYGALLLPSRYVQWSCTTPTMLFTISKISDFNDAEVAFTMAADFVMIVTGFVSAMTPPGVMSVVFVNTSFIAFYIVLYQLYRMLASAMSEASSAHARNGLNITLVSSAVIWHLFPLGWCLARMGPSVEWLGEPLQLTANFGAKVVFSSCILynnyvtlqqrrvqaqla
A0A6U2BAS0	88	41	6	6	1.4e-21	71.1	325	253	K	sgdpdspidvethhaLVALVIFAVAFVFNMNAAMWSAQNNRCRLNLQVAYISAVAAWTHWEMYRGRDWYVAVPNAGARGQTVSFSCLRQLEWVFTTPILLLLVQNLHAYAVSSLPDQQLVEAGGFAAKNPKMTRDRKNTYVPANRLRLVLADEVMILAGLLMPIFPFGAARGALLFIAMSCFAYIVYHSVHALIDITIFMKLSVADLGRLYAICGLKTICWSFYPAIYFLTEWGVIDCKTQHELYLFNDVLTKFSYTLMISAgsirfievleehrakv
A0A6U1ZNA8	5	68	37	3	2.2e-05	18.2	190	190	K	viaaALVVQLCAVATDVLMAVAPVPVMIDGVTGARVHMLRWCEFAPLAFLMTLLTEGGDMANDPDTGVRQAYILALLQGASTTFGLIFPFAPGVKSWIFCLCCALALFLPIFFRLAAKKAKVRGMNPKGRTYRRSVLCLRLLIVEVVVWTMLVVGFLCANVLPALLSSFPKLKNPAVTMVYDCAMDVIAKVIYMALIVNVHDamfsqagsvggag
A0A6U1Z5V9	124	476	4	8	1e-23	78.1	335	225	K	tdeplvvmpgaslSRVFGVVAFAVALVIDVSNVFWSRNELKRDIAILVVFINTTALSTYIFLATNASPEVRTCTGGPEHLVTVGRFVEWAFTTPMDVVLLARLAHQSGLGAGWRLQRVQLATVVADLSMLALGYYAYTSCSPRREYALSASVVCFCATMLGLRYLFSLARQQLVGLNDRSRLRTVEAYMYATWLSFPAAYCLREAGLVSSVTEDAMLTVADVGAKVILSVLVqsgnffvldhiesikalk
A0A6U1UD81	139	434	9	6	1.3e-19	64.7	341	221	K	ipervhalpatslveaiaITLFGINGCLQLSSTMFQRLPKKRQLNSLVLFINFVPFVTNVCSLTKKFPSLQSMDGRPLEYLHIIQWCFTTPTMIIIVSALGTSMLKSLVFSWRTTLTCIMWDELMLLSGLIRYFMPMPYDLIFMAFSCIFYCLTLRSIHGIVVYACKNAGTSFEVNSIKTLEKITWVLWSTFPVIEILERAGYITFAEGRVCRVLGDVFVKTVYSVSILSgnfclldtiselriaq
A0A6U1JAX5	88	670	4	5	1.7e-17	57.7	288	214	K	laisstwnpcihvSLTTATVVHGALQLIAFISCNQLKKRRLVLIPLAIDLLPMMFSILHQFGLSPVYLDSQGRVFAPIRYLSWCCTTSMLIYLQWLTSESRLVTTLLTTLAWDITMLLTGIWALFATSETAFYFAAGVACYAEYIVLEQQHSIYAESLACYRHLQHTASALRNVYIISTASWIMFPSIFFAAQYDFISHNTEEMLWCLSDFAAKMCQSIALYQGvlttvedrnsqsmea
A0A6U1GL84	98	313	3	12	6.2e-21	69.0	302	217	K	latktmdlrvgyLAGWVAFATYLAQEIVALLLHADSDRQRTVAQPLAIAICGTMSAALHSLGLAPVWATPQFGVEQVVVVTPLRHLTWCFTTSLLSFSTWRASNLPLRDLLRSIAVDVPMILTGLISSVTEGWVMAVFYATSCALFIVGLAVKWEIQGAILADCEGLDNARSAITRMRYVSVAVWFLFPIADALHRGNAIGNLWAELLTSGSDVFAKCILsgalkhgilcsgedrkrlrlqg
A0A6U1B4B0	183	452	5	5	2.8e-15	50.5	409	241	K	adivwdsdvydravAMLAAAVFLSASVQTLAQLMGVARRKQRCGLYVVLLTNLISTHAHIAMAAGASPVFLNCFGRKSHWIRWAQWAGTIVLLMVTTHALDCPNREELVRSTLYQTVSILTGLASASLCGGFRFGGEQECHLNPSSQNFWLSIVLLLISTACYGNIFIVAHRALRRNRSVVGPSQSVSRLLYLTCCGTWTLYVLIYFAGAVTAMVTPAGATPWFTDRMENVCFTIADVFAKSIYIGVLGNAhtaalspeamerlqe
A0A6U0X3L6	106	426	3	3	5.3e-17	56.1	307	214	K	rldlerseqgasIAMAVATALMLTTFTSIYAAAHDVVIREFTVTTLLICGFHHLSEVMFPFPCWVSNGGRNFSPAMYLEWMTTSPLMIWLVYSLTPLRREETRETRQKVLLEVQLLNFVQLLAGALGSLTSNYFLFIFFHILAFSCFATLHYLAHKLKVDTDFVGKHFTLRYNPLVINWIAWSLFPTVHILAIFNLITCRTETHLYGLSDILSKIVATTIAANFAYtqqayfinllkei
A0A6U0Q1F6	106	251	6	4	4.5e-15	49.8	304	214	K	slqrhtlgeegrmvvLISIVAFALIILIDAVVVILWPVVLKRNKSVWICLVINGIALSAYVGWYIEPSLVVTDIFGHRLVLVRYVLWNHTMTLIVNILNQLVESPVTDHHTACWRVFQSLVCLQAGLYGSLDLGSWALSATLIAVSQLMLTTLCYSSYQELRASTKFRHQRTVLGTIVFLSWHVFPLIWALAAFDVITPFAEEVAYSFFDVVVKVLCTTTIVQGHvkeasddlqdkftv
A0A6U0F343	133	121	7	6	1.4e-16	54.8	386	270	K	ahetrilsyakiaavsFYAASLLPTAMSVAFPGGKVGPLKKSLALYHILICVWSVFYYTLDFFEFVPLVRSDRDGQLEYSAVRVLAVWPVTSTLMISKIAVLSMMTRRPKNIFIDDSNKETRVEDGDDTVVSPSRLIPFVSTFNRLLNARTARDELMSTSWDVWVVSLVNNLMLLAGAFGLLADRYEVRVVSMGISCSLFVVIMFGFQSLFQQVIERVQHPEDAHTLKMLERATYGTWTLFPVIQLLREWRVINTVTQFLLMTAADIVAKMTYSTMLVFsnfwlinsadglmrld
A0A6U0EFR5	118	616	6	5	4.2e-29	95.7	321	219	K	vrleaevcgsvslmaLTVFAVCASIGLNDIAWTSSDSRRRVSSTVMYITIVACYTHYLMVQGNDLLLNSIEGSYYSLLRYLEWMFTTPVLLILVFQLHGLVCTPSQARYRREMWGIVVADEVMLVTGMLVNDTEGMTRMMLLGASFACFFTIIGTCIGLFREVLDSELTRGDRARFVILAIAKTICWTSFPVVFVAKELQFIDASVEHEFFLSCDVLTKAAYCLLLSAGnirvldvhrdeevad
A0A6T9VNT1	123	565	50	5	1.7e-15	51.2	284	251	K	vltiamalvwagggsparwtdfdpeinwharsavmlisssivtelaflsssslevelgqeslksqmnlhgkcdclltlveyglkgicglYMWSADGGIIHTDQLAIGGERPVYLARFLQWSLAVPVLVLISNRAFLADTGIRSTLLRSGPMLVLSFLYIWSAWLMEVTPSPVGRWVLLVLTLLAFMMVSADQAFLTLQSVDVPSYNAKVGMMCYQFVTFLLYAFVFLLGRFGKINNLTEQILYAYGDVSLKVFQGALLGMIrnledlhamsrlwhe
A0A6T9TB43	131	205	37	5	3.3e-11	37.2	305	251	K	iivavwahcfcdyaetrpaikdedpsmvwflqltatlslaglfyemsvatvieltelrkvfqedlifrrrlrlnrkMIFVLSFLTTIYHLMAFDIQYVHKGWLAEYHGGYQVVYSLRYIEWTCCAPIVLSISGQLEHAPDGTPRNGLIPSSVLTGIYCIISWQGLVVKDFWAGWALITWAFVSYFVASVEQLAFAWHLRGKGRMGLLRAGLLFYLVIVIGIYGVVFLLPIPGWISTTLENKFYCIGDASFKLLTSMMLLATndlsnlgemchraet
A0A6T9T1D4	99	853	15	2	4e-10	33.6	306	232	K	piphpedvwhartaillifsaaisELCFLVSSSANVKLIGWSCSSQLQLHGVCDSMLTVIEYLMKVVTGVYMWLGDGGIAHTDVLAFGGHRPVYLARFLQWSLAVPVLVLIGNRAFLGSCTFWQSAGRCAPGMLASFTFVWAAWVMEVTLVGGVRWLMMALSLLGAVVVSADQLALTWTHRGDELFRFKALLVVYEIGTYAIYGSTFMMGRFGVISTGFEQCFYAYSDASIKVFQGAILGMIRNRedlctihrwwta
A0A6T9SIF5	112	54	35	4	1.1e-13	45.3	285	248	K	laayhivkpescaaveecaaihkdiplqvnmfgayglglllfhelvsfslsyktnvqamsvindmhswllpsqlLIVTFSVLWATQLIIIFSPTAWYAHTGRELDNSPVYTLQYMEWLTNVPILLTLAGKCALRRTFAEVSEVIVLTNIYIILAWASYFITDTYVRWTAVSVSFAMYAWASYDMSLWVRDYLRATHRDTPSRILKPCLTVGLILIFGIYGVVYLADLLQYNSPNRTHFCFTLMDTFSKVMMSIAFVGIRssettekllelvvq
A0A6T9RX01	77	24	34	4	2.1e-15	50.9	255	252	K	aliagavfrptlcssskdcvaletshlynafaatglgtvflhelasfylsykslantqgllanltkmlepsalLCFSFAVLFLENMILFISPSPWYAHSTALGAASAGETQVVYTIFYVEWLINVPILLTLAGKCALGMSFEDIARPVVVTNVYIIAAWTCYFISDPYLRYAVMTLSFAMYGWASYDMVQWVVRFLRANPESKSGLYLRPTLTLLLIVVFGIYGVVFVLRLIGQLSAGTERIFYTFMDIGSKLIVSMMFTGVRsseyhallldmlvn
A0A6T9RVG3	104	1015	33	2	5.5e-13	43.0	326	295	K	ndftsvvtvvicvlalafskiaprwrvtdeelgeiswaflsglcisgtaclfelalvlaakkkqeldlgslgDACLMVFVYSALAVSYCFMSTDQFDLVHTDPLAFGGSRPVYTMRYIEWSICVPLLMCLSGSYRKEQLDFLGSENQLPAAQKDLCTVVSAEVPDTMEESDAQVLLFKPMCYVADNLMAMPLASSARLTSIYIFASWLALVVEDDFTRWILVFVSFIDYVVASAEQVAHCCVMRQHHVHPRRIRLLMIQVPMFGFYGLIYFAALLGLISATVEQNMYTFSDMGAKVMHSMILVSVRLQedlhsmaylrdt
A0A6T9NES0	119	556	51	4	1.5e-12	41.5	283	255	K	vatfflawlvtspqpcqkvsacaetlrefpnqygsysaaalfamclhelvslfftyagvketqtlvptlrskclpslllasmfatlglvhATYDTGDLFVSHASRGGGFVAEGRPIYTMTFFEWVMDVPLMMVLSGYCAMGRPISELSGPVVVTNIYIIFCWASLTTSSATLRWSLIAMSWVMYTWASREMLGWVSNYERTAPQDLPSRSLRPVLSVGLIALFFVYGMVFTASVTGIMDAHSERMFYLCATLTSKLAFSIAFVIIRadeyhqmltgvlkk
A0A6T9MCS8	141	27	53	6	2.7e-14	47.2	291	243	K	spdgcpnvgrcsavhaetsiiynacaasalgavlvhelvclcltyksarramhiihnlrdtlippallcatlsvlfiqnvlfagptpwyanaMRLGDDNNMDGEPVYTVFYLEWMINVPILLILAGRYALQRPMKEITRPLVVTNVYIILSWAVYFIPSHAGRIVTVVVSFAMYGWCSFDMMRWVFRFRKEHPEAPLTGRPFLTITLIVIFGVYGVVYLCRLCGVLSAVGERMCYSALDFSTKLMVSMAFAGlrsshyhnmlldmvvn
A0A6T9JFR2	116	6	33	7	1.4e-15	51.5	310	267	K	rwvlskytvsavvpialgnilmgtalmptcetptvpaleypfmtllavvsfallcasevatylfnligppaaFTFLRLPVLAVHLSTLLFYVFSAYDPACLGRDTFGRPLHPLRYVMWTTSVSCSVISVFFVAEDLTRKSRHQTRWNSTALHRECILAIMAVVLMFVTGYLATLRFATGLWANVVNYGASTVFMYLALGKLTHMLHLCATNPLVVQQQGGGIQFRLITYAIVVTWHAFPAVWVLGASNIVTPEIEHCGYVICDLLAKYVLLYVYSatvsna
A0A6T9I3G2	10	22	25	5	1.2e-07	25.5	204	204	K	mlhdafggqRISESESDTRLCIIVVKVLAAFTNALLCFLPSTPFVLDMVTGRQNSMLRWAEWIVLAFAMTFIVEAIDSTDARTPLLVGSSQSLSTLCGLFLPLASPFPAAWAVLCIISFLLYFVIFSRLSVKRQRLLLMRTSLPQHCYALVRAELGMRLLWQLVFTWSALTAVWSLDAVLGNLIGRGETSWCFIADCVIDCVAKALYTTAIINQadaatkltdthkegr
A0A6T9DUD2	13	99	28	7	9.4e-11	35.7	185	185	K	mhnireladcwgKKFQSVISLYAWVSVLAAVMYFCKYYLSGHSTVTVPGVGDYLLTQHLLWVISTPSQWFVFKHICTKANNDEMVPIYLHTVMVQVFGMAMYFVGNTPMRWFCFMASSWCFAVSFTLGFRLKLSKDMDFVGTQMRRLMLGVGLAFPTVVLLRWCGLMDPWTEQVLAFTCLDVLSKSVTFSAILasrliaawaringtvql
A0A6T8ZN83	80	5	28	7	5.1e-18	59.5	269	257	K	pcypgflllfhhaltltegaqtspipegiaqtrpllaiylvtplagfgllfiseflswiftcclgpvTKYAYFRHPVMAVHASAGLFYFLSYLCGSVTLEDRFGRPLYPLRYVMWFVSVSSLGQSVYMLLDAMPGNTEYQMRVLHTRLARYLLAVPVCFGAGFFASWERNLNGSMLWLALSFAGFWYMLWQILGLLHVAQTHKLVLRGGNALQFKVIRVVIFFVWHGFTVVWLLAAFDQISILTEHSLYVMCDLCAKYLILFVSIasvap
A0A6T8ZI81	85	1	32	4	1.5e-16	54.7	260	247	K	vvwrllapkncfdmpqcsafdsaapreyhsfmvaglcmlwlreasnllvqflqarrsraavwsttdqcmpgLLLCLTLFVLIVTMFVFAVSESPWAHAASFSQARRPVYTLRYVEWLITVPLLLLMAGCCALEQPLAEVAVPVVVTEAYMLISWAALLVDNRALRWALLGATFAGYSWASCDMLRWVSTFLRSVRASATCCWLRAASSVFLVVLFGMYGVIYLLALVGAIGTHAEQIAYTSSGFACKVVMSMLFTAIRa
A0A6T8XGC2	113	553	7	13	4.6e-15	49.8	314	218	K	asdpralqlagtwnpsVFIATMMASFIQLVGQLVTYNTSAKATDLCLIVLAASSVLLITAFVMENELAPLYLSYAGRVASPARHTSWVVTTTLLTYLVWLNSERRAVSKLCLMVVCNLAGLACAWATQVATGPGTYVLAWVLGTMALLVTWWQKYGIFCESVKFYKNLPQTRSALSEVYLLTAASWAAFPAVQFLADNHLVSHSTEQLLWCLCDMCGKLIqsqalmqgllctieersaaavkq
A0A6T8WX50	110	91	4	9	3.8e-20	66.4	309	213	K	tfrvsakihtsyqWCMVGYASNLILTLLKVIFETNRSKMHLHLVSCYINLLAAASYALLWTGFSPIVPDVESCLYVPQRWLLYCFTAPAIIYILCQISDYSPCMRVWVILLNVFMLAAGGLGTVPWISWEHKMFWYVMSCVPFPSILCHMWRMVSSAVDETVDGASKRSIKFIRIFSITTWNLFPIVYFGAIDGSIPLEISEPLWAALDWLTKMVYSSSlmeanflsiaqrrefavka
A0A6T8WTR5	13	75	9	7	6.5e-23	75.4	208	208	K	revdprayqwpmIAFGTAFLLNFLTLLFERESAKFQLALLACYINFLAGLADYLAWKGLTPVFRDTWGQGLHIGRIIMWLHTTPHMVYLLSIISDFSKSKVYLVMAADFLMVVLGIFAHLTTNRVAAVFIYICAFSTFGFVIRSMWHMFDASLEECRNDSSRLSLHVLRVSSVGLWFAFPLTFFTIKLGLVSLGTEEWLWTVGDFLGKVMFSSSLLqgnfltieqrrliamri
A0A6T8QEC6	129	1256	38	8	1e-17	58.5	299	248	K	aqiqlvsavttavyfaslavllvtvpssdgawcslqaewdvqvhgyaaaafttclaikvfsclltpdlvgvgtdspaIAIAVIGTTCYAVSAMRLAPVIVSPYAGSLIYPHRLLSWATTTCLLVFSIWASTGGSVRSLLLCCLLNMGIMLNGLLASICPGLWVPLIFFFLSGLCQVGTCSLQYSFVTKTIRACEEGGLQRRVLALTNLRTLLIVSWTIFPASFLLQFSGLAPQTLTEALFCLADVLAKTVLQSALsqglvswaadqrqrrlde
A0A6T8QCR5	95	728	9	12	4e-19	63.1	294	218	K	psdpraveistswdpkvySGMMMATATQMAGQLVSYQTSPKCRELFIVAFAISTILLTMAFVLERGYSPLYLSYVGRVAAPVKYLSWTTTTTLLTYLNWLNSEARNASKLGIMLASNVSMLVFGWISQVATDRWTFIVGWVLSCLAEMLTWVYKFGIYCESNNCYTHLPQTRSALRSVYLLSGASWTSFPVVQFLADIHAISHSTEQLLWCLCDMGAKLIQsqallqgvlctmedrassaiqd
A0A6T8FWE3	50	18	3	9	2.8e-30	99.6	254	217	K	pkngeldaksisFVHRLCCTIFATALMIDVVGLITNKQPGKWKMSVLICSVNLVAFCTYAGLSGGIFPTMRKYNGHRLEVMGHIEWCYTTPQLIILLSLYCGKEAPSRAKVLMAVFWDVLMIVTGFYSAYLGPPHNYIPFAISMLAFYFTLKAIIDLFDRATRASDDSRARTKFFVLKTNTVVMWSVFPVIWVLSDLGFLKSDTEASLFALADAMAKALWSVSvitedkynggmargvkae
A0A6T8DVX7	60	468	4	5	6.9e-26	85.2	263	217	K	dteelggalpyrqWEFVQAAFLVCLTLDFISWLWTVDEDKSRLFLFVIVINGLPAISYGLLAAGIGPVVLDVRGKRLMVMRYVHWLFTTPAMLYVYSLVSSLGWKELTMAMCMEFVCIVSGFFASVLPQPLDLVALTISCTCFYFVISALDKMLTLAIDESSSDAGGASYRRALCGARVFIISTWIAMPTVWFLAYFGAVSFLVEETMYELLDFTTKAGISSLILHSsiktyaqkqaekmrl
A0A6T8D2B1	176	337	11	6	9.5e-23	74.9	371	216	K	sdsaaiaqfyeivdsrvyftTIVVHLTAFGLSLSAVVFEPDKTRKAVHMIIMYINIVSAAGDYSAWAKSTIVFMSDAGPQTIMHHVQWMHTTPAMILLVALTSSKSLGTTLRGMLKVVSMNFLGLISIFLPTHYRYFCVAIAMVAFVHVLRFISECLAEAARAMHNEHDRKSIEFLSNFTMCTFSAFPVVWLLVEGRLISKNTEEAAWQYTSLISKIIFSGSLAQgrfrsltqamkeyqkl
A0A6T8D1C8	119	763	51	11	4.7e-21	69.4	273	245	K	rappisvvcagsvllwsagalvlsrfsgdpdaeelaqswdprihagfrvasavqlvlhisgsiacnrlerlrlaalpalitlfpllgsvlYHYNLTPLFLSSGNRVLWPGRYLNWATTTSLLMYLSWLGSDTPMSNFWRVFTADMGMLLTGLLASVSKNYALWMVLGAVSTLFEVQVLCFKHRIFSKMLESCRHLPHTHSAVWNIYMLTMVSWTAFPVIWAISEAGLVSHSVEELLWCLCDFGAKMCQStalsqgilcsvedrkaallee
A0A6T8BTE7	87	10	10	5	1.4e-24	81.0	283	216	K	aaselgdetrlteqwkltqMAFITALLLDFISWLFTVDYERARLYYFVLVIQGLPVVSYGLLAAGVAPITMDAHGRRFIVVRYVVWLFTTPAMLYFYSCVSCISRRELIIAMILEYTVILTGVPACLLPFPYYWPWLIISCVACYFVVMALSKMLTLAIQESSPDDSSYRSALQGARIFMTTTFAAIPGVWFLAYFHLVSPLTEELLYEILDFSTKAGISTMIMHSsiktyaeeqe
A0A6T8BDK7	72	70	10	4	1.7e-25	83.9	269	217	K	kalvlggdpfpfhqcslvqMAFATSLLLDFICWLWTVDKDKGRLFYLVVVINGIPVLSYGLLASGLAPILIDVNGRRLIVIRYMQWLFTTPAMIYLYSLLSSFRTQEVVISMMNGMIVILTGYLANVLPAPFDLIALAASFLAFYLVLQTLDKTIALAVAEFCSNEDESYCRALKGAKLLTTFSWVGVPAVWTLAYSGLISHAAEEVSYEMFDFIIKSGVSCIIMHSSlkthaekkeermra
A0A6T8ASE7	110	68	17	6	4.3e-10	33.5	300	247	K	hetivlyilpacfviaavisctlstiisaavstnhtgettailqeynycqvalgavLFFEVLMCASSESVQVTKLLVGPFTTKIIGVIMYSCLANGYLPLLQAVNGRVLNINHCLLWATSSPLVIFLYGKISNRPSTVQAQLMSASALGSLLLVVSCLASYHSGQRSVLLLLVASGIWAVFMSSIFKILVSAVRDAHATPPKFLLDVNVLFLISWASVPTIGLCGAFGLCTYRSEEISHGIMDFSLKICLSCLLLRktlsapesleprhplk
A0A6T8AIW0	87	140	8	6	2.2e-20	67.2	292	223	K	cysneavvpvkketimyGFAACIFAVSAFMNLFATLMQSAKKKKQCASLVFFVEVVSCVTYSSLFFKAFPDMRNVDGNPFDWLHLFQWGFTTPAMLIILSGLGSSMEEQYINNWPLTRKAVIIVECVLMCGAASLVYTGPLRFIFLFCAISGYLFLCRTIGEIMHFAIENAGTALEVQTLVVLKWTTYGLWSVFGILQSLEHFGVVDRIEHRTVRTALDVLVKILYSIILLSsnifildivadvrmiq
A0A6T8AB96	96	486	5	5	5.9e-32	105.0	302	221	K	vfsetveiklatmiQILVAVYFGVCFVFNFGWLAMTYGPSKPDGKWCLTLIICCIMGTSATSYTLIAAGYGKHILSSAGRPVESLMYLEWFCTTPLFIILVCQLTGRSVPHGREMLKHVTVDILMIASGFVATIAPHPWKPVLFMAGCMFHGRVMATIYNLFREAQAQTVLPQDEGLIRLLEAFTYMSWGVFPAVWLADNLEILSIDASLAAYAIVDVFSKAVYTVVMMQGtfltmshleevldma
A0A6T7XVN3	99	64	7	5	1.1e-24	81.2	297	215	K	dtfnggeelptlqwrlVQMSFLTCLFLDFISWLWTVDCEKSRLLYFVVIINGLPSVTYGLLAFGYAPILLDAHGRRLVLIRYVQWLFTTPSMLYLYSIVSYISSRELVTAMILETVVIITGLVASLLPFPAFLPFLAVSFGAFYAVMATLHRMLTRAICQVSPDDDRYRRALAGARLFMTLTWVAIPCVWVLACAHAIPPLLEETLYQFFDFATKAGLSCMILHSsiqthsarqaadlra
A0A6T7X5U2	128	121	4	5	5.8e-29	95.2	330	216	K	ngisftpvqlahaASAVGFAVALGTTAIGVSWRRNLVKRKVGICVLYVNGISFITYCFILAFGSPYIASEDATGSSEIEPIRYCQWLFTTPAIIYTVSAMLRRSNSLDNTRSYAIVSDAVMIVTGFLERYCGSPFHELFFMLSMVAFFFTMLHFKTLAEMGANALIEISDRNRFHRIHSFTVTVWTLFPVVRVLSILGASYTTEELLNTMLDVATKGVYVVCLMVIkftvvddlleerlvk
A0A6T7UHG9	113	52	7	7	1.1e-09	32.1	308	212	K	ledltrfkivnytvgvCFAFGFFNAVMLFFLESHNGKRLQLVLVAYISLLCVVTHVLDHYDVTPAFYSFTGTIANPARYLMYVFTTCAMVVMMKVTDEFKVDRDLLIAVCANIGTFVFGFTWMMFGYKSLLGVACLIGSCGCFAHTLRFGITHFQSARMCAPIRSRIFLGFTMYQFVITWHGFPVMEILYQLNVLSIGQLEVGALGFHFFAKIIFANVLLqdyclsasekqtmqlee
A0A6T7TB75	176	630	6	6	3.3e-22	73.2	382	222	K	adrlqeahknskivkVMVALIFGICILLDVSGMVISISPKKKQLNSMVLFINSVSFSVYVSTIFDFIPTICNVNGNPIPIFVYVQWVHTTPVMIMVQSALGMSMEDDFLKDWKTVCWTIFWDELMMILGIVQTFLDQHWIGWMAFGASCFSFVLVCRGIHKLSKASASNAATTFEMSSIQGLEILTYMLWTSFPCIHLLHFMGFIDGLQYEILRSFVDVMSKLIYSVALLTgnfcvldivatlrlaq
A0A6T7QE97	3	64	36	7	4e-20	66.3	178	178	K	nsLVFFINTVSFVVYLSAGFGWIPAVYSISGKRVSIERYFQWMNTTPCMIFVLSALGNTLQKYLIHDVKEFVRSIFWDETMILTGLAHAFLGFSMLGWVFLLVSCFSFIKVMQKLHTAILLSISKVATVYEVVSLRVLEVFTIVLWTLFPIIHLLYFTGMISYTQYDIVQSFVDLATKAIYSVTLVtgnfflldtvaelrleq
A0A6T6SPC9	48	89	9	5	1.2e-19	64.8	249	220	K	ftadgqirvqrmytyahvAATMAFAVAFFITFTAWFWAAHKVKRQACMVVAKIHGISFITYLLYLLCGMPEMAGMDGYTFVNPLRFVFWAFTTPGYVALLSVLVWSMPEARRVAVRAVITDLCMIGLGLLERAGSAQLRPVFFVLSSFFFLGTMHGLHQLAHLCDMVLIDESDRRFIVHLSRASIVIWTAFPIVRLGAIIGHLSLNEEEVALCALDVAAKIFYSVTLLLGkftvidqvlaarlfn
A0A6T6QZ70	120	645	12	6	6.2e-16	52.6	343	245	K	taparsplhhlqsesellpvaCGALFLGFLSDINNVVWSSHGQRHSLMLITAYVNAIALYTHVQLWFAEVDGTGERVSFVWTGYDGTPVCALRYVEWCFTTPVLFYMLTKLQQFVWRAALQRDPEAKVRTHAVPRRVPLLVLVLMFCGLCAALFGGKHPQRLGDAAHAAAWVLVSFLMYHVVCMFKCMVRIPNSEPLERLRLAVIGLVTFVMWSGFGAFFLAHRLGLITYAQLNIANIINDVLVKVSYTVMLNSgtlsllemqemiakrq
A0A6T6QNJ2	20	169	37	2	1.1e-06	22.4	203	203	K	arvgymcprrvkptmgdaaMLVVNTVACSSNLLMCSFGTPVLVDPVTGVREHMVRWCEWTTLAFLMTFVTDAISAHTLSEPLTLGLLIGASCFCGYVLPLCSNVYAWAAVLALSFCLFAPMVPHVLRRRRIQREAEAACASPSDVVQLVAKKVAGQLTSCCAFMWTLIIASYMLKWALSAHSAGGAHAQWPFIVDCVLDVVAKLAYAYVISSSHARvpveaqtqqarw
A0A6T6QHX0	97	656	4	6	2.5e-32	106.2	301	218	K	fidetsaamtmraAATLAFVVAIVVDLSNLIMTTSRNTSKGELVIFVVFINTIGLTTYLSMIKHVAPVIISETGVTITLVRYFEWAVTTPVDCIMTCVLARRNGEVNSSQVRRVVMSDLGMLVAGFAATFFAAPLLRYGFLFVSCGLFAATLRELYGSYKFGREQLTSLGDSRRLDFLALITLVTWSAFPLIWISFEIGLIGYMQADICYSLADMTAKITYSVVVLNanffvldqllevqtle
A0A6T6Q227	32	63	33	3	0.0091	9.6	224	224	K	qlaarcagsvlaasalarvghlawrgakptmADAAMLSANLIAASANLLMGTVGTPVLLDPVSGTSEYMVRWCEWGTLGFLMTFVTEAVSARTLAEPLSLAALVGAACLCGYGFPLCTSAYAWAGLMLFALCAYLPIFPRYVRRRRIHRAAESACASPSEVAQLVAERTAHRLMCCCALMWTVITVDYFVTAAIAWRLGEAYGSGASRPQLPFVVDCVLDVIAKLAYAHVISSAHAhvpveaqrqqqrw
A0A6T6NKY2	128	755	12	2	3.1e-12	40.5	314	208	K	vvdisgddrtvamlvvasfgtILLVDLVVIILWPTMLRANRSVILGTAINIMAGSAYVLKLTTPAVFFNDIVGRRLLIGRYVVWNHTMSLMSVLLNLLTPVSPQVACWRIFQTMMCIQLGFWGTVDIGYLPASVLLICGSQYFLTDLCFSLYKALRNSVTFAWQRAVLGMFVFVAWHVFPVIWLGSALRLFSESGEFLLYSIGDVMAKVLITTTMLQGHVKvasdmlvsdfnh
A0A6T6JRV4	170	288	62	3	0.0033	11.0	328	260	K	rllsgrlavltllafatcvalvhayiateyvelkplermacgcaasmlagavllrllaapllgtrpwrsatgqvilavhgtslvtnallaispspvvvdpfTGRANHMLRLAEWSVLAFTMTFLIEAIDMDSGCAPWWLGTWQCLSTVSGALLPLVPSFPAWAAVLAFSTVTYFTIFPRLLTKLRRLRAMPLYTATGQRCYARDTAELAAQLMLSCSVAWTVFVLIYFADAAWALAGGRREALSYDWAFLADVAADVLTKLVYGLFITESADavpvhyvaqqarq
A0A6T6JKL5	115	112	31	8	2.8e-07	24.3	306	262	K	ldgrasaavfaaclcvawavlvsvlfeatrehrmiiypaeafaaelagtamasaalvrfanaaagggsfaNSVGVVVSAVLVVAAASNYVVALLPVPVIVDSVTGVPVHLARWAEWLCCAPAMAFVVEQVDAPSLRLPTRTALTQFTSCLIGLCLPFITNPGAWGLAFGVATTLYSTLFVRLYYRWRELPRGADAMPRTPAAQVAYGQQVRAFRLLALCLTTWSTFIVVFVSGWVHARRRPRDAEPLQWPFIVDCGLDVIAKVLYASYAgsvqdqspvweervqsra
A0A6T6J312	31	135	13	7	1.2e-10	35.3	244	236	K	ptapddmsfrdverqsagvcsgMFAAIIIARLAAHVSRRHSFAPGVSTGISAVMACAAVTNLAMWGIEAPPVVVDPVTGCRIHLLRWVEWVVTAFAMTFVVEGAATRRSDFTQALALAASQGASTLLGACLVFAPSPRAWAGLLCASVMAFVPVYPRARARVVALRALGAVEDLESAEVGDRARLAANLSVSCAIFWTLYVVAFAVHAVASLLAPARTLSSSWPFVLDCALDVVAKIFYGAAIAefseaspargerrrarw
A0A6T6GVT8	47	593	9	5	5.6e-20	65.9	260	232	K	picrydythanrmntpltAAIGAISMIILGQLRRSLLYSNTDKYSNINMSMLTVNLITVISYIISLIDQNICIDNWGVVTYAANWCSWIITVPLLMYTVLVPEFGRAPSSDDIKAIVSIFLTIATGFSMQFHGIDIYGTVILFVISSFTFVLALHYMLVSYKVSEKHYNEKVDSKGQECREEKHRLELKYKLSTTLAVVMCLFPIVYLLAIFGVLNPNTTLMSYLVLDVVAKGFVAFTAMDShlsvfysvrseletq
A0A6T6AUI1	24	585	38	5	1.6e-12	41.5	197	197	K	mglhatyksdpqfarrlrlnakmTIVFAVLASLYQLMAFNRHYVHKGWIANYYGGVQEVYSFRFIEWVFCSPLVLSVLGALNHSSEGMPRNALMPSSMLTGAYCLIAWQGLVVKDAVVSHSLIGFAFVCYFCASTEQLHYALWVKNQGASGKIRCGLLIYLVFMMGMYGAVYLCPVFGFIPPDWENKFYCIGDASFKLGTSIVLLATediannqemrrraea
A0A6T5Y2X0	151	257	30	5	2.2e-15	50.8	334	253	K	alfffiqpspcadviecmdalelghshcdstprsraaalcmllakevsllmatrrefqnerleelgfrnPTHSQIVMALVIFVLLVTESAIAFGFTWAHAVPPLPGLVEVWGGVHTLRYMEWMLNVPLLLVLCGHYILCRPMHEVIAPVLITNVYMYIAWLALMVDVPALRIVLILVSFAGYFWASISMLMWVRNFLREVPSDVPRRALRVCLLLGIIILFGVYGVFYLLAATGFISNSTESELYARGDFFCKLTLSFALSNVneaqrqlelmglvve
A0A6T5QPN2	107	430	41	3	5.2e-14	46.3	275	249	K	crqdfcaqvpecveqqdksdrnlfrwisqsctasivtllareafallciyveerdshlellclpsakipslllcccllvlCATEVTLASSQAWNHAVPPVPGFRETWSYTESLRYAEWLINLPLLLLLVGRFVLGRPLSETLRPIAITEVYICLAWVALMTRMPVYRWSLIILTFSLFFWATYDMVGWVKNYLQVAPAQLPGRYVRVLLLAWLLLLFTIYGIVYLLDILGFLSPSLVYLVYQIFDCTGKITARLFLTYLRSserrhamtelvev
A0A6T5Q0I6	161	907	43	2	1.3e-12	41.8	316	238	K	vattgervsgpsaslhpstkgvsltvvacglsselwsliaftqaifarrarlgvrdeqllsmrefpsptlalaacfmsgiyvSLIIFYGIMFSGKIMCYHQDPVLLRPIATMRYIEWSVTVPMLMWTIGRVLLRQDLEAVLIPILQTLSYIWLAWAGQVVEQHWLRALLISCCFTIYAESAVRQLRWACWDKMFATSLVVYQVVMFFLYGVIYLVALADLVDASTEDAIYTCMDFSVKIGHTIVFSAMHRAndldlffsslrn
A0A6T5PZC2	99	976	36	2	5e-21	69.3	271	248	K	ayvltdvkgryttaagadaatevshfqmatfilgtawvlefieviasaaqghggddvdctdvvprshlvrwtdsqLMLVVYSVLFTFYSVMAAGSFGLVHVDPFASNRPVYGLRYVEWSIAVPVLMILVGRSIPRSLHLPPADLAPAIVLTVVYIYASLLALIIDDYTWRTVLVILSFVGYAVAAWDQYNWTLGFNRDAPAGYLSCALLLFQVVLFGVYGVVYLLAAFDWVSPVAEQALYTFGDATAKVGHSAVLLAMRQQdilsavrkarre
A0A6T5MI15	129	229	26	5	4.4e-16	53.1	319	256	K	agigvffavepypckdipqcvlaldneptnlistpqsriaalsvllakefstlvyahyevpemqtVASGFSKFRTSLLLMCIVLAVKIVSELAFAVGSTWPFAVPPMTGMLEDWGVVHALRFVDWIVTVPLLLVLCGHYVLRRPMSEVIGPALASSCYAYLAGMAMVASSLISRILLMMVAFAAYFWVSVEMIRWAYRFLCHTSREVPRRIVRVVFSVGLVLFFGLYGIIYLLAIHGVISSATESEFYARGDVLCKISISFLIANVneaerqhalrdllfq
A0A6T5JSP1	113	587	38	4	1.1e-13	45.3	279	244	K	rncqdvqqcaaghetvpskfdayatcglvmvllsevvglvstfrgvretkalvpdlksrclpsllltamfailvaqhAVMSTSSGAWYASARPDAMGATMVGRPVYTLTYVEWIVVVPLLLTASGFCALGRPLEELARPIVLTNVYIVLAWAASLVTSATLRWILVAVTFTLYGTASCDMVGWVQAYSWTAPADLPGRGLRPCLSLGLVTLFAVYGCIYLFSLFGLLSPLAERMWHLWLDVGSKLAMGMAFVVIRgeeyhktltgvlkk
A0A6T5GK72	42	448	39	3	6.8e-15	49.2	205	205	K	maatgfvfelafllatsatgaqwlyeekmplrglrdarrmaYAYFILCVTNASMALGGGHVAHTDSLAWGGPRPVYTLRYLEWSVVVPVLMFISAQSGDHPGVPAPVASARCTSIYIWASWLALVIPNEPMRWFLVTVSFVAFVCCSVEQLLLARAMGSGLRPAFLAFQVAVFSIYGAIYLLAIFGLVSPLTEQVMYTCSDISAKIGHSVLLVAIRQledlhvlrelhda
A0A6T5EPC3	206	43	67	4	5.8e-13	42.9	340	241	K	ktgsalrvllpatvyllaapslsamgpaavmlcgvsvptkvlygtvslvmavtaysvlnrhpeelersmhrrgalalvacsglhlaftlmadsqlpaplsklaypeVAMHFLEDFIASPLLILNLGYLAGQKPRQMVPCICYNLIATSGALGAAVSPDELQRALFLITNACFTGMASSCIGSLPGQAATLGNFNRLRVQVSGDLMIFSWTLYPVVQGLGLLSILNVPGQLRLFAGLDVLSKLGACHIMFRNReaivnasrylaasg
A0A6T5DGX1	202	464	39	2	8e-13	42.5	361	238	K	iatlvqrvsgpsavfhpgvkgvaltmlvcgfsselwsllffaqallvrrsrlgmrdeqllsvhefpsvtlawvavfmsAIYVVLFIFYGIMFSGTINCFHQDPVLLRPVATMRYIEWSLTVPILMWIIGSVLLQQDIETVLVPIFQTLSYIWLAWSGQVVEQHWLRSVLISSCFTIYAESALRQLRWANWDKKFESVLVIYQVVMFFLYGVVYLVALADFMEPFTEDILYTAMDLSVKLGHSVVFAAMHRSndvdlffsalrs
A0A6T5BNE7	149	383	32	2	1.4e-15	51.4	333	256	K	slavlacaasqasacqdvaacataeqsldmhlrihsalamgtttlflyelmyllvatwevrdasarcvhlaDARAVSCIMAAILLVISVVEASLGSGVRFAYAVPPLPGFATSWGSIETLRYGQWLVNVPLLLILTGHTTLGRSMAETIRPITVTNAYILLAWLAFVVSSPPLRWLLLVASFAGYGWASRDMARWGQSFLREGRHDLPGRCLRVVLFAGLVVLFGVHGLLYLLTIFGAISFAQEQLLYSCLDFSAKTAISLILSTLRWAerrkaledvvld
A0A6T4YV45	137	933	40	3	3.3e-13	43.7	303	246	K	llcfsalggisprwmacnyeevwhagasillvfssmvtetclvvatscnkqiirdinangprvvfpgvgdpgltlaeyaIKFVCGVYIWLCSGGVMHTDTLAVGGPRPVYFARFAQWSLAVPVLVLITNKAFIDSADHLFQRSWPAAVTCFFYVWVGWLMEVTTVHYLRWPLMVLAIGGAIVVSTDQICLAKENSNTRVFGSKLGMLAYQITSFLSYAVVFLMGRFGVVSSGTEQIIYAYMDVTVKVFQGSALVMIRNregaleirhwwla
A0A6T4YA43	162	389	41	7	2.1e-12	41.1	336	255	K	vllvmliamlsmlptcsqvpecvfsaahqsttfhayvgvglfillvreitglvivkwiarealfggigtsfsdtsrflmcIVIAVLFTLQALMGLGWMFQHAAPPAPGLVEYWTFVNTSRYIEWFMNVPLLQALCGCGALGRPLSETHMANLATVAYIYLAWVALLVHSPALRFCLMAASFGGYAWTAWDIHNWLCRFLTTEPDDVPGKLARTLSVVVLQLAYMVYGVIYLLRFFGTITPDREDMVYAFLDGSVKVILCIVFAtiseceqrcsvdalafn
A0A6T4STZ9	164	437	43	3	4.4e-19	62.9	719	638	K	ialahlyayepligtdisskheipeeelrffhhgwtamltiflvefcsmslkvwttwhspvlasaiahkfegsigvlfgeyiVVGATYVIMAGNWMPVFLEARTGRRVYGVRYMEWAVDACGLVFLDCFILFSQPFKQFYMAFVWSVAYVMLGLWSAIAPTWPLYWAFLAASWLTFFFVCFMLIRFLHHDPKPAEPFSAGVKPCILAFIIIWWVFYGVLFMVEFGDYVPQWAAQFLWTGMDVIMKLSHTVVLMAWRASQWDIDAVVKRHKAEGEHFVVQLDKERAVRDRDRLRLLAKVHTRKLEPQEGGLEAAQASEPDPVSSQVAQHVSFHHDASVATSKNLETTTNNDLSSLGTSHVVNSDVSSCFHRVMEIYRREFFKCLVLCVAFILSLLHLYIYPEVFKVQVLHHQDVPEDEMHFFHHGWTSMLVVFLIEALSMLLKVSGTWHQPYVALTLAQKFEGNIGALFGEYLVVGATYVLMGYNLMPVFVEPRTGRRVYAVRYMEWLVDACGLISLDCHCLFNRSFAESRMAFVWTIAYMLFGLWSALASTWLWYWVFLCCSWLTFFLTCGILVHFLWKDPYPLEPFGKKPVKSCILTFIIVWWILYGVLFMVSFQAPELMPQWLEQLLWTGMDVVMKLSHTIILIAWREtqwdmdtvdsrrk
A0A6T4RQU3	116	373	20	7	4.2e-14	46.7	292	236	K	ilaiagigesqitlpreaalpwayksrapflavgsifgsqalisltlcyvfssmtelidCWCVRIQRSLWAHSIMSIVGTVNYLVFYLCEEQYVVDVPEIGHHLIMRNVHWVFSTPVQWFIFSQVCSKTTSFSALSIIYQQTLLMQITGILAMFMRNSLHRWLFFGISSVAFVVMFWKVFRLPLLPEMAYMGGRIRLISFAVWACYPMVCIARWCHWLEVWEEQVLFLSILDVLAKGVTLSAIIvsrvvlslaringtvql
A0A6T4MU27	16	524	33	2	3.2e-16	53.6	196	196	K	rdtrvaafafpdaraASFIMCMVLLVITLAEVSLGSGMRFAHLVPPAPGFAAVAGAVDTMRYLEWMVNVPMLLMLMGHFTLGRGLAETLRPIVVTNAYIFIAWLAFVVSSSAFRWFLLVVSFAGYGWASWDMIIWARRFLQEGRPDLPGRRTRVALLGGIIALFGIYGLIYLLAIFGAISFAQEQLLYGCLDTAAKTGISMSLVSLRWVerrdalgeaivn
A0A6T4LN43	54	461	53	4	1.1e-11	38.7	214	214	K	malwirevfalvlthieekdvriielglphaktssmllciclfflcatevalsSTNAWVHAVPPVNGFNEVWGSVQTLRYVEWLVNVPILLLLSGHIALGRPVCETLLPIAITNLYMCLAWAALIATTSFLRSSLILLTFLLYGYATWGMGCWARRYLQVAPTTLPGKYARVMLLGWLNLLFAVYGLVYLLEVFGLITSKTGQDIYAVCDCSTKLITCFFLAFLKqaercdamgvliav
A0A6T4KTY7	133	855	33	3	4.1e-13	43.4	301	241	K	slclgffrhrvpgpvgsmgpvpttlaltllscglmtelgslasfghavrarqvqlgsrgtqlfhmrsfpskaMVWASIIMCFVYVLLLSVYSVFLSGRFMCFHEDPVLNRPLNTLRYVEWSFAVPCLQYIVGGVLLEREASILLPPILQTVSYIWLAWAGQMAQQRWLRALLISSCFTIFAESACGQARWARSGHLIESALLAFQVLVFGLYGVVYLLSLGDVISPEVEDGMYTLMDITAKLGHSAAFMALHRacevdfffrtlrs
A0A6T4HCZ7	142	38	5	3	5.7e-12	39.7	339	212	K	pavlcglsmpakvvYGFVAALMAMGAWSLWNRLPEERDRTMQRRCAAVLTACSGMHLVMAIMGDVPPAAALYVARPEVAMHFLEDFVMSPLLILNLGHLTGRGPCSMLPCIYWALASTAGAVGAAVAPAGLQSVTFLLLNVSSMGLAAQIISQLPEQAGSISTHNKIRSQISGDLVVFTWTLYPVVQGLGMAGVLPMQQQLHIFALLDVLSKLGACHIMLRSRValrsaavhfeaet
A0A6T4E8S8	97	441	44	3	8.2e-14	45.7	265	252	K	lvawhfsrsprcktvpqcvamessvqrhfhgylvvglsllllreasgllasfaearggrggawpvgqqclpglllcltlsvlaATEACFAMGEVPWTHAAAPAGGLGTAWRPVYTLRYVEWLVTVPLLLLLTGCCALGRPLAEALRPIVVADMYIAASWVALLSDSFAVSSGLLACTFAGYAWASCDMLQWVCAFLHAAPPEAPCRGLRMSSVLLLVAVFGMYGVTYLLALAGAIDVQQELLAYTCFGFATKVLVSLIFTAIRAmehqqaltgllcr
A0A6T4E3E0	50	375	14	13	3.3e-12	40.4	243	217	K	tdwisyssapllvcssifisqslVSLVVCYILRSMKDLSEFWGHRLQRSLWLYMVMSITGSIMYFSKWSNSSHWIVNMTDAGGECFIMRNVHWLVSNPMQWFVYSQACTNCTLEDMTGIYKATVLLQIYGLLRLLTSDSRVRACMFTFSSCYYIQMFWLVYQLPLQRGMKLVAERIRDSTLIIWSIFPAVVLCRSFGLIGAWSEQVLLLSILDVIAKGLtfsaiivsrvvlslaringtiql
A0A6T4DIU9	64	379	54	4	2.3e-14	47.5	219	219	K	caaalitllirevaalvfthmeerdvhmaklglpragfssgllcacllflsitevvlatshayDHAVPPVKSFRHEWGSVQTLRYGEWLVNVPLLLLLAGHVVLGRPVSEVLPVVAITNLYVVLSWASLVVTSAVLRWLLIVLVFGLYIWTAYDMAKWVRRYLRVVPARLPGKHGRVLLLAWLNFYFAVYGAIFLLDVFGWIGARTGHAMYEICDCTAKTSISLLLANLRslerrdamkvlvav
A0A6T4CMT4	250	37	61	2	7.4e-10	32.8	394	245	K	gfteiaedlelgkshmalwlpitlfllsgpspsvvllsglsfstkmaygsvtvlmaagawsmlgrhpeekdrtiqqrsalalgacsalhlmlvvtgaipePLASSAFQPEVAFHFLQDFVVAPTLILNLGYLTGVGPRRMLPCICWSAVSTASAIGVAVAPVQLYRVQLMAVNLVAMGCASHMISRLPAQAVSFSFINKRRCQIAGDLLILSWTLYPLVQVLGLVNVLSVPQQLHIFAVFDVVSKIGTCHIMLRSRTAlrsaaqhfltde
A0A6T4CEE2	148	87	35	1	2.9e-10	34.1	314	241	K	aglcarsslrvsgpsvsfhpfgksvaltmlacgllselwslvsfaqairarrlrlgvrdqqllsmreypsmtlaWVACLMCVIYFEMLCFYGLMYSGQVICFHQDPMLYRPVATVRYVEWSFTVPVLMWLIGRDLLQHEIDIVLVPILQTLSYIWLAWTGQLMGSPWLRALLISCCFTIYADSAVRQIRWACRGKIFETGLVIYQVVMFCMYGVVYLAALTNYMDPFVEDVIYTTLDLSVKLFHSIVFAAMHRSIdldlfftslrs
A0A6T4B8J9	89	300	38	1	7.7e-19	62.1	256	245	K	savtvvlsliaylvceiegrydlpvssqepghfecvavglgmvlvlevvtvlgiwsspkelryfslgdswfcdsqgmVFVYCVVFAVYFLMARGSLGLVHTDPFAGGRPVHTLRFAEWSLAVPVLMLVVGRAMPRKEPVDFKPALLLTFVYVWSAWLALVVTSGLWRGILIFISFVAAAVSTCDEYNWTRGVTPDDPTARSSKILLYFNVILFGIYGVIYFLAAFDVISPLTEQLIYACLDGITKVGQTVVLATMRRQRdiavlfrakqd
A0A6T3UJS3	119	112	33	4	8.8e-15	48.9	294	248	K	agawlllaprpcslaarcrehdrlaprsyhslmvaglcvlllreasallaawvqarrsraavwsltdqclpgLLMCAILTVLISTMLVFAVSENLWAHAASEALGERPVYTLRYAEWSATVPLMLTLAGRCALRRPAAEVLPPVLATEAYMFLAWAALLVDSIHVRWALVLGTFAGYGWASVRMLRWTAAFLREEPGEAGCRRLRASAAASLVAFFGLYGVIYLLAFFGLIGTHVEQVAYTTSGFATKVLMSLLFTVIRgmehhqalgdmlck
A0A6T3UHQ5	103	348	26	6	2.9e-11	37.3	279	242	K	ivvslaiavygvsanfranglphlgsselswvgekrapfllassifgtqtfvslvliyimkhmreLSECWGTGFMNMLKLYACMSFIGSVMYISKYCCTTHLAVAVDVGDYLFSRHVHWLFSTPIQWFVFSQLCTKSTWEDMRWIYVDTVLTQVFGILLYFVRGQMRWFCFWASTFHFVASFYRGFRLQLLKDMDIVGGRLRVMMFVVWTGFPVAMLLRWCDIIGPWEEQVLGFSVLDVSAKSVTFSAIIAsrvvlslaringtvql
A0A6T3T1H3	111	260	35	4	3.7e-16	53.4	282	246	K	gavigwhlfaprpcmevpqcrliansmpqqyhghlaiglgsllarevsalaatysesgskgspsmstkdaclapLLLSLILFVLTVFQTIMTVSESTWLHTLDGRPVQTLRFAEWLITVPLLLVLSGCCALRRSLRDVATPVIVTEVYIVLSWVALLVDGLVLRWALIASTFILYGCASAGMLGWVVDFLKSSPSDAPCRGLRISSSIMLVVLFAMYGVIYLLAIFNIIDAHLEQSSYAVFGFGCKVVMSMIFTAIRvienqhelngllfk
A0A6T3RCA4	144	875	44	13	7.8e-10	32.7	312	252	K	gklcfyaflgqlalassvlavfgfnrtvdsveptalwhfanarnmlipalvmeactvisssagshvrlsgynlsrlvmsefgaKLIAYTLLMRGNTDFVFVHARAFGGARPVYALRFMEWAITLPMLHAMNNFPFVGSTDSRDFILRIGPNLLANFSFVVTAFTAAVTPNAFCGWLCLSTVLVTFIFTVVDQLKLVQGLRDTTTDYSFKLAVVVGKDLFCLSYGLMYVASLADLLTPDQENMFFAYSDVMLKTWqssclimlrnwqdlvllqrtlhg
A0A6T3R7M6	82	477	40	4	1.2e-13	45.2	247	245	K	glrfltgrpcsevpqcasfehgmsrqyhgylamglsalltreisallatyfeasgmllplsrvrdacfgpfllclvllvLTVSQAVLASAESINLLHTTLEEGRPVSTIRYAEWLISTPLLLALSGHCALKRPLQEITKPIVVTEVYIVISWAALLVSAAALRCALAVAAFMGYGWATGGMLGWVLEFLRDSPSNAVCCKLRISSVATLIVLFAVYRINYLFAIFRIIDPQMEQITYAVLGFCCKVSMSMIFTAIRvmenrhemsiltgr
A0A6T3Q068	106	41	36	4	5.1e-08	26.8	285	255	K	itlfgvvltyvvfhparcrdseacrewsgggdddfhqfvicglltalvvevvgmfltwksakklfgvvhgveyafIPPILLCIAFLMLVFENFALTELTFVHVAADGVAGEHSRPVFSVILLEWCVNMPILLVVSGAYGLQRSVSEVSRPIIVTNVYIILAWAAYFISNKQLRWGFVALSFGLFALASYDIANWVIKYRASTSHTVQSRNLRCALTIGLNLSSLAYGLVYLAALLDLFSPRREMIFYVTCGFGVKLVFLIAFVGIRsshfyellvtlvan
A0A6T3NFM9	108	59	38	8	1.2e-15	51.7	287	257	K	alavflyavvtprpcseveacqaavqrfphvlnayamcglatilahefvalvinyrtalplldlipsiksvflpsvlLCVTFAVLLAENAILFTGWGSQFLFHASVVPGDELSRDQFVPTVIYAEWLINVPILLVLAGKCALGRPMGEIFGPLIWTNVYILLAWAAHFVEDATARWAVIAVSFALYGWVSYDMAQWAVEFHRSAPQAAPTRILRPCLTLALILLFGVYGIVYLVGFLGLITSEQERTFYMSMNIFSKLAMSLAFagiktgayhdmlvgmlvn
A0A6T3MQQ2	7	34	38	1	1.3e-18	61.4	174	174	K	hdsqgmVFVYCVVFGFYFLMARGSFGLVHTSPFAGGRPVHTLRFAEWSLAVPVMMLVNGRAMPRKAPVDLKPAISVTFVYVWSAWLALVVTSGLWRGILIFISFLAYAVATCDQYNWTRGMTPGDPTARSSKILLYCKVFLFGVYGVIYLLAAFDTISPLTEQVIYACLDGIAKVGHTVVLATMRRQRdiavlfrakqd
A0A6T3LUU0	114	834	6	2	2.6e-14	47.4	330	232	K	ekpdpqelwharvaiLLIFSAMVSEMCFLMSSSQNVRLMGWNLSTQLSLHGVGDSMLTLTSYVVKAGTGLYLWLAVGGVMHTDTQAFGGARPVYMGRFAQWSVAVPVLVLLTNRAFMAKSGIRVQVARTAPSMLASFIFVWAAWVMEVTLSTSVRWSMMFLSLAGSVVVSADQLKLAYDNRGDELFYWKFAIVIYEIIAFTLYGSFFLLGRFGLVGSISEQCLYAYTDATVKVFQGALIAMLRSRedlgmirgwwla
A0A6T3GG45	140	544	39	5	5.5e-13	43.0	318	257	K	lfalvgyvlagptpcsevdacetmhrsfpsqfnacaamgltfiwlyevinlvstyrgvsetkalvpdirsrclpslllTVMFTVLVAQHATFAGSSSAWYASARIGGAAPGGAGAWPLYTITYVEWLCIVPLLLTAAGHCAIHRPLKELARPIVVTNFYIVLSWMAMLTSNEVVRWSLVAVSFAMYFHASWDMFCWVADYYRTAAPDLPSRNLRPCLSIGLVLLFAVYGVVFISALLGAMSTWVERMSFLFLDVGSKLAMGASFVVIrgneyhrtltsvlrr
A0A6T3EM53	7	137	30	3	2.1e-17	57.5	186	186	K	fpdalrPQVLYTLVLCVVFTSELLFFCGLDIVHAVPTTGSQRPWRFVHSFRYLEWCIDVPMLLGVVGYGALGTPLSELRGVAVVSNLYIFLAWAALVVGDVAVRWMLVITCFCMYLWTAWQTKHWISRFLRETDPAMSDRAIRVALMVVLMLLFGAYGGFYLLGISGVMGPGLEHVVFGVCDLVAKVLLGGLLAFMRSaewsdswkelyak
A0A6T3DZ03	112	272	37	4	1.1e-09	32.2	284	249	K	casevrcaamdaatgrrfhefiamglgvlllreaaglladasgdaggrairapraspgtplgsagqppwlgqfmlcSVISCLLSFQCIFVLSGPSPWAHAAAALGSGRPVHTLRFTEWLFSVPLLMTLSAHVMLGRPLKEVVLPIALTEVYIVLSWVALVVDSAALSIAAVIVTFVLYGWASFGMLGWVLAFLQSAPVDSPCRWLRVSSQLLLIVLFALYAVIYLLAYFESIPVAWEEMSYAWFGFGCKVTMSMICTAIRvseqrqilgrlvdk
A0A6T3DX87	103	670	27	5	5.3e-16	52.9	288	252	K	rvcmwfsyaqivasiivwwlygigplmdavdedevnlfhrakvmllpaillescylissrnysqqlKLHGSEMSYLVILEYCVKMTCYSTMSHFNGGLVHVNLRAWGPVRGCYTVRYIEWSIAVPTLLTINNYPLGGKQDLATFACRLFPSLFVTWAYIVASWLAEVTPSAEAGWFLLILSFLAYVAAVWDQVEIVREADLEASGMRFKIAVVVIKEIVFTAYGLWYLLGVADLMSSHSEQMLYTYGDVMLKAVQASVLVVVrnwedlaelhtaler
A0A6T2YHV9	12	927	44	4	3.2e-11	37.2	177	177	K	mlalleyslkfATGTYIWLASGGIVHADVLAIGGPRPVYFARFVQWSIAVPIFVLLGHRAFIAHRPTHVILIRAFPGMFATFVYCWAGWTMEVTLDPMARWVLLALCIVGFVFVCMDQFVLALHHRDDKLFWWKIAMISYQMALNAAYAVVFLLGRFNCIDSLPEQNFYAYTDATAKLLQGAFLAMIRtcedllrighwwsa
A0A6T2X7K1	117	961	8	2	1.4e-10	35.1	315	216	K	livsaaatevcflvssaTNAVMMGSTISAQLQMHRMGDSALTLTEYGQKAATGLYMWLMAGGIVHTDSLAWGGPRPVYLARFVQWSLAVPTLLLISNRALIKDPSFFVLAVRSMPGVIAVFLFTWAAWLMEVTTSPSVRWTMYSSCLMGHTLVSIDQLNLAYVHRHDDHFAWKLGMLVYQITFSTAYAVVFSCGRFGVLSSVTEQCIYAYTDASVKVFQGALLAMIRQRedlttirhwwva
A0A6T2T6G7	140	252	37	3	4.6e-19	62.9	317	254	K	fgvlpegcadvagcklaavvesedmqiarrlhglvavglsvllcreawdlfralsesrgqntgsgstepvfpqkllVSVLTVVTTVNALFASTAGDVVFVHAVPRAYGDSRCGFVHTFRYLAWCIDVPMLMAMVGCSALGRPWKEVRRPILVTEVYMILCWVALVLNNLPLRWLLIFVSFMLFFWTLWDFAKWAKEFRRVAPAELPSRPERLALIVLLGSAFTLYGIVYLLPFLGFMTYGMQHTLYGFLDLGAKAVISSLVFVMRArewrmmkksltlr
A0A6T2T1R1	96	593	10	5	2e-13	44.4	294	218	K	tatlalgglifesclaiaiWIMGLQSLYQKDLLFRRRLRLNRKMIFVFTFLTTIYHLMALDYQVVHRGWIAEYHGGHQIVYSFRYIEWVICAPIVLSCSGQLEHTSDGKPSNALIPSSMLTGIYCIISWQGLVVKDVLAARVLIGFAFVCYAVASVEQLAFAWYIKDKGRAGPLRAGLLTYLVIMIGIYGVVYLLPIPGWISATMENKFYCFGDASFKLGTSIMLLSTndlannedlrrraet
A0A6T2SHI9	89	39	26	3	4e-06	20.6	280	257	K	tgatvvagavvystarpkscigspaceaqyggdfaemhflvicgfvtafvmeffgmvltwrsarhLVGVVRGIELTLIPPVLLCVCFVVLAVENYMLSRQSLIHVAADGVGGVHGRPVYTAVLMEWCVNVPMVLVLSGACALNRPISEVSRPVLVTNLYITVSWASYFVINATWRWAAVSVAFFMYAWASYDMATWVFNFRAATRADIPARTIRCVLTFGLIFVFFIYGMVFLAAFVDLVSARQELVWYVGLDFGVKVSFLILFAYIRLsqfydllvtvlan
A0A6T2SDZ3	101	42	7	5	9.8e-13	42.2	311	227	K	dggfrtfnkfavcslsTALFLQVATTAVLFGKTRSMVGVVRDIEYTFLPPLLMSIAFFMVLAEHISSFSLFFVHVAADGVGGKHGRPIHSTILLEWVVTVPILLILAGCCALNQPLKQVCRPVLVTNIYMVIAWSAYFVPIEPVRWVFIALSFSLYAWASYDMATWVFNFRATARKDISQRNLRCALTVALIVVFFIYGMVFLAGFMDILSARHELMFVLTWNIWTKVGFLLGFLGIrvgqfndlmvmlirr
A0A6T2RBR3	122	42	27	4	3.7e-09	30.5	303	248	K	vavafawprscaevnecgeaheavqnavshyamcslatcivlelvslwltwkrartlvglvrgvevTFIPPLLLCAAFLVLIIENLFVCNLWLIHASAPGVGAAHARPVYTPIILEWLINVPILLGLCGSCALAHPLKTVTRPLVVTNLYIIMSWAAYFIVDVRWRWCTVSLAFGMYIWASADMALWVVKFRRASSDEAPARNLRCALSYGLIMVFFVYGMVYLAAMTGVLSSGKELLAYIVMNVSVKLAFLLAFVGIRasqfydliigllan
A0A6T2RA25	110	41	3	5	4.3e-10	33.5	321	224	K	gggvrhtnkfamVSLCVGFIIQCMTTFILFVKTRGMVGIVKDIEYTFVPPLLIGVALFMLLLENLLLFKGYFIFTSADGVGSRPVFAPILIEWCVNVPILLILAGYSGLNRPLADVSRPLVVTNIYMILAYSAYFVSMEPLRWVLIAAAFIMFAWASYDMSMWVAVFRATARDGIPSRTLRCVLTIALIAVFFLYGLVYLAGMFALVTPREELIFFTTANIVVKLIFLISFVGIrasqfydllvtlvkl
A0A6T2QN57	49	445	7	5	7e-10	32.8	243	211	K	vrtpmlvaaavfgalsVGLVVLLSILDWLLDATYQWNADIKRCLQAHLFVCATGMLFYSSGYSSTTLFVVTEDSVGGEHLIGRNFHWLISTPIEWYIYKLCFVCPGNRSNCMMMIVYALCVAMQIFGILVCVAPFPNLSLVASSGCFVLMFVVLYQVPQVPETAMVGRRVLDLHLLLWSAYPIAHFCRVAGWMTVGKQQVFVHCTLDCCAKGLSFGAILVARltrtltsmtgaiqtm
A0A6T2IB03	104	41	41	4	2e-13	44.5	281	258	K	ivvgsvagvllifatlqppsclegdpcariiddnfkkinkhvslglfvafvvqgsttailhnksrllvgivqdveltfipPLLTCVCLFMLMVEHISCLKPFFVHIAADGVGADSGRPVHSFILVEWLVNVPILLILAGTFALNRPLREVLRTLAVTNSYILFAWAAYFVHSELVRWCFIFISFGLFVWTAYDMANWVLLFQATARRGIAARGIRSSLTIAMIVIFFVYGLVYLASVLGILSPRNELIFILTANFATKLLFIIAFAGIRasqfndlmvtlvrr
A0A6T2EG55	50	594	8	8	1.1e-20	68.1	248	216	K	fgdwftlspnehsmldyTAAVLFFELIFSNLLILRHNDLRVKPLVACLTSVSCTACVAYVGNLYWNYTYVDLHGSHQRVFRYIFWAVTCPMHIASVALVSHYPVSTVHRPMGAMFVVIALGFYTTTQGLSFWGRLFYGVLANVVFLALVFSKLVAMFQTAVDDAVVEADKTMIRRLRVVMLASWLVFPLFWALLLSGLVLTTTLEAMYVVLDVLEKLVFALLLnshffssqrhmeqlcfsl
A0A6T1PQ72	33	1028	46	2	4.7e-08	26.9	194	194	K	mgenlyrqlrahtlgdsmltcleycvkvslglYLYCTKGGVMHGDMLAVGGARVVYFGRVAEWSVCIPLVVLLSNRAFLSHRKAWQAMARSAPCLLACFVYTWSAWLAMVSPSVWVRWLMLAIALLGFSIGTADQFVLAFAHWHDKLFWMKLGLVIYQVVLFAGYAAVWTLGRFSLVSSLFEQSYYAYNDATVKVLQGILLAIIRHRtdlliirhwwma
A0A6T0YBZ5	131	445	35	11	0.027	8.0	316	260	K	esayllnnervglaliggsitllalidaalvawlpsaacvrlgavesnavllaftvqagsaleqltrkplpsmrWTSRCIVAVKLCAAATNLTLYLLPTPFVVDAVTGRPNCMLRWGEWVVLAGLMTFVVDATDATRLRTPLITATSQALSTLCGLLLPLAGRGAAWAVTLVVSFLLFSCIVLRLFEREARLRTLSEQCKADSYQLAKARLAASLMRQCVGCWSLLVAVWCGDALARLLGVASEVDVGFVADAAIDVLAKQLYAsaieegataapllhglergre
A0A6T0W1E7	10	119	36	2	4.1e-19	63.0	182	182	K	ylprwtdnqLLLVVYGVLFAFYSVMAMGSFGVVHPDPFASNRPVYGLRYVEWSIAVPFLMTIVGRSIPRLPHTPAVDTVPAILLTMVYIYSSWLALVIHDYFWRMVLIVVSFVGYGLATWDQFNWCSNCDIAAPSGRLTCAMVLVQVSLFGVYGIVYLLAAFDLIQPVTEQALYTFGDSAAKVGHSAFLLAMRQQnlmaavyasrqk
A0A6T0UXU3	126	468	32	4	2.9e-09	30.8	300	246	K	aaytvvkptacsdvkecvvehdsiparfnsyaatglamvlvgetanlistyngareaqamipdlrsrclpsLLLVISFVVLICESSVFAASSTPWFASARPDFKGPVYNVTFIEWLIIVPMLLTMAGHCALGRPMKELGRPIVVTNVYIVLSWVALLTTSSVLRWSLVVATLLMYAWASLDMVIWVAEYLRAAPLDLSSRSLRPCLSLGLIALFAVYAVIYMFVLFGTMGAHTERMLWLCLNVGSKLSFSVAFVVIRgneyhstltgvlkk
A0A6T0S4E2	138	597	37	7	1.3e-13	45.0	312	251	K	vimmaythvfyeyadrrpcaraedpsiagfmrmtailaaaglcyetcigisiplmglnrtfqsdnstrrrlrlnkkMTYVFAFLCTVYTLMANDIQVVHEGWLAAHHGGHQIVYSLRYVEWVFCAPMVLSISGQLDHAPDGTPRNGMVPSSLLTGIYCAIAWQGLVVKDVYAAWVLIAWAFVCFFVASVEQLAFALYIKDQGSSGRLRCSLILYLVVMIGAYGVVYLLPVPGWITATWENKFYCVFDISFKLGTSVMLIvsndlaanhevitraka
A0A6T0S029	107	216	7	13	5.3e-09	30.0	297	207	K	tpllvaavvfslqtigVVVVLSLLTLLHDSLERWSVEIKQCLWSLLLICSSGGLYYSFEYSAEVHLVVCADTIGGEHLLMRNIYWLGSTVLQWYIHKLIFLDPSTSLRVVPVYIFCVLMQFTGILMVVTPYQNFFFVASSVCFILMFQQAYRLPQLQETAVVGRQVLHFQLFLWICYPTVHLLKVMGWLTVWQQQVLVHSALDFCAKGLtlgsvlaarlartlssisgamqt
A0A6T0Q6E6	84	515	8	3	1.8e-11	38.1	291	225	K	rpmtgpvdmlhisasvaYLVVGGVSAVMMILAAGRRGMCVLSVTLTVNTVAAAGYVARIYYDAPDRFDAFGVRISEFRYVTWFHTMGLMCLLIAHAASCTNKEALDMLTLAGFTIYLSWVGSDAAFLAEGDFPRPVAAVFFAASSLALWLLTRTIHEKIATQCAVEVPPSLAAVIDGNETGVRRLSLMIVATWWGFPVVHGFVAAGLASDWAGECTTAALEVLAKSLCTLVMMHGRIetleererrarsl
A0A6T0IU77	214	483	37	3	1.6e-05	18.6	410	273	K	ictwitlvigvyaltprdnivrlsgveqrgavlgmsliaasflsrviplfggvtnsitnkltagarqtnlsgiflgGLTVQIVAFFTDVLMAYFPTPVLDDPVLGTPIHLLRWCEWCPCTFYMTFMMEGADLYWEGEVPPPDFLRQKYVHAATQGAAVFLGLCLSFCPGPKTWACVYITAMSMYFGNFQRLKSRYDAVPSSLKKGATVEEAERFNAANIALKLRFVCIFVWTILVVLFFATSIYGPNFSHEGSLLRSPEARMIAECFFDVLSKVLFLVTIVDVHHaifdpfarterrl
A0A6S9RLL7	75	738	6	9	0.00013	15.6	287	228	K	tptvshfgelerqacFVAAVMQLAAIMLELFTRQRLSKKTAWTQKAVFLVKLLSTLTNLALYQFPTPMVVDPVSLRPNSMLRWAEWTVLAFTMTFVVESIDSTSLYTPLTTATSQSVSTICGLFLPYCAPGFWWHFNCWLSFILYFYIFWRLYVKELQLRDYRRQLPSRSYALRKAELGLGLLRQCVCTWSIFVTIWTVDLLVRRFCGFKPETDWAFICDCVVDVIAKMLYSSViqeksdaepilfgqermqv
A0A6S9QBU4	128	186	27	2	1.5e-12	41.6	297	236	K	avlsistillharraatpallsrtqgvvftllivglfqeswalltalwmrqssvgqlsvgkvalpsARHVRASSALAFCYVVVLATNYVLFYTKWLTSHMDPFLDRPVCTLRYASWLSTVPLMMWITGGLMLEHPARLLGKPIILTAIYLIMAFTAQFFTLVLRIPLIAVTFFLFFWASVLQLRWIDRQKPLASTLVFVEVLAFALYSVIFLLGQAAWISPAFESCAYTLFDTGVKLVHSLVVLTMRWTtevwsfhtvlrn
A0A6S9NHI1	117	392	40	4	5.6e-12	39.7	298	261	K	lvtailvtfgtwlagnaptpcssakgcseqlpatgyevpflkesvliltslftielcqvvvtwghshadhdwatsesmpTCFMCSVFFVLAATHALYLTGWDLRHGRPPLTIYNEIDPEGAWRPVLSLRYLEWHVNVPQLMFLIGCGLFQRPVADVIAPIYATVTYLMLSLQANLVAGLVTKWALVTVSFVGWVFASWDMHMWNVASRQKILPARPLRCSLLYFHAVMYGIYGVVYLLALGDYMSAYLEHLSYMFMDLFVKVFTAIIISMIHrcdvrvaikqmsak
A0A6S9N2K0	75	489	8	7	6.6e-13	42.7	269	212	K	dsntitvmaatffsiqtAAALTTLALVSYWYEFSKDAWSQRFLQSIRAHSFVSMIGAVIYGTLSLSTKHVVARHPQYGDHLVLRNVEWMLVTPLQWFTFASVCTTAEWRQITRLCIPATGVHMFSIAMLLCGNPAMRKCLMVASCACFIQTFQMVAALPRVPDMAKVATRVIQVAFVLWILYPAAYFLRVTGHITQWCEQAVCYTCLDVMTKGVTFTAVLvarfaqylsnisgslqi
A0A6S9JRI3	144	22	9	4	3.6e-13	43.6	341	216	K	alvlagfavppaamvhgtVACIFIAGAWSFCNRWPTSSGAKTPSQTGAVVCLTAAAVQLLHLWFGLHGYPTWITDYVSNPYEALHYMGDFIAMPLLQLNLAYLSGCSLGELLPAMLLSSFTTASTLASTALPTAVARATCLGTSVIGIAMTAVLLQPIIDKSVELSAHNKVRARVSGDLLIFTWTLFPLAQGLEMTGSLPSEAVEIIFVGLDAINKMGVSHIMLKNAsalesshrfltrqs
A0A6S9GRH7	102	104	50	2	2.7e-14	47.3	268	256	K	mgftgavvaaswwnsypclaktecatmlanapktphayvatglgilflreavgltstlrelydtkemwgtrkscppvlllciifgmlslVEFMFWSSTPWSHAMANNDLVEAWRPVHSFRYFEWLINVPCLIILAGNCALARPMKDVIPPVVITNCYVLWAWGAQVAPNPFSRWVLVLLTFVGYAWASYIMCYQWVQDFLLERPFNGRSQFLRILVPVGLTVLLIFYAIVYLTGIAGIISADAELKGFTYSGFLCKVGFSATFAYLRWVedrnnlaslmgk
A0A6S9GR34	139	398	11	3	2.7e-25	83.2	334	216	K	svqkwstvqsstefvftamsATVFTTFAFIYSVLAIFAINPAQRSSSILGLTVALLAGASHVLHTLGVEPVAVTAFGREVSLVQYAEWLCCVPLLAVALGHVFRLRARLVLALGATQLAMLACGGLAAVCPSRAGTVVLVCLGNACMAPLLWACFLYSYRLNAQISQKHAMKLRLLGTSVLVLWTLFPVVYLVGLNQGLSKQREHELMLLVDLLSKAAFLCVLILLHFqstaaealtrvvd
A0A6S9G5G8	80	217	8	5	7.6e-18	58.9	292	230	K	rplrsgspdwlttsaaaAYLVVAAVSVIMIFISWTRRGGHGLVPTLTVNLISALTYVLKATMDLAPIEDAFGRPFEPLRYATWWHTMPCMCVLCGQVFAADVGETLEMISLALACIGCGWVCSDVNFLPARGVPKYGVVALMFGVSARALALLTSRLHARLVRDGSPALEQQEGPLAEAESSQDRSLRKLAMLIVVSWWAFPCLWLVCAASRSAGRMDEVVYVAVELVAKVLCTLVMMHGsvesfeerdqrlrev
A0A6S9F6W0	99	350	35	9	3.5e-15	50.2	301	277	K	gcfaiyaccvvlflatvtpapdgwdaqatlqtfsqmtascfgtaallnllavafedesvlgdgspsararvapfTCIFVINVVSCASHAAIALDLLPRHVMFDGRVFHSARWAEWCALVPLLMVLMHALNFDPNGDEDAPVLDAAAVRSIVAQEASTVLGCACSLWDPPAPVALACLLLSTAAYCHIFVVLGDVLAKAKAAYDEKRDDRKGDRPAKSFSRDVAAAGRRLRLARAALLTVVCAGTWTLFVVVYFSGLFRLVSPLYEGLLYNVVDVVAKCLYAGAlgaahsqalspehalrrll
A0A6S9ER65	83	6	7	14	1.6e-19	64.4	280	214	K	nakevyssttlsvartAATALFTGAFLSAMSMLRTRKSPRLATSLLTLVINLLAGVTHLAMALRLSPVFLSHWGRFVPAAFYCEWLTAVPLMILLFCHKTRLSSRDTYFLMLTQGGSLFFGLLGSVIQSWAAYLLLIISGFCTIPFLLRLMQFAFSDSIRNNYSSSERCKVGVLVGIFMAAWLLWPSFYICGMTGIIAKDVEIWYFTLLDTLTKLsisgvv
A0A6S9ENJ9	115	36	14	3	1.8e-21	70.8	307	216	K	dfpdfddqkfhdarisassifgtFCILYLMLGFLSISDVQKASALFGATVAGLAGASHLLMLAGRDALAPSPVFGLTLSLVQMAEWVCCVPLMVCAYGHVLRLGRGLTLGVAALQGLCVLLGLGGSLAPHPAAAHALIALSCACYLPFALGGALVAARLAPVLAVRPPNRRHVRLLGLSVAALWTLFPVLWFLGAAGAIADATQRLTTESCDVLSKGFFLSALMLFHFqrdsgehrarvvd
A0A6S9ENE5	127	134	6	3	1.9e-19	64.1	323	212	K	ynvlyfekfrtvsssIFGTLMFSFGLLALLTLSPGQTATAAYGFVIAAVAFASHLMHYFNLAALVYNKHIMVYISMVQMAEWVATVPLMAVALGHVLRVRARTTMLAAAANATMLLLGVVAAPLVPNKIGTSVLLCLGLAIFLPFLWCVYNLTWVLTEFSGQKHNKKHIRVLGASVLCLWTLCPMVFFLAAGGAITPHWHKALSEIADVLSKGAFLVGLLLFHFqdqaaeskarlvd
A0A6S9C360	105	536	6	3	2.2e-23	77.0	303	214	K	tsvkeeqqtssavhlIISTTVFGTLFLLFLFHIAFSTCKSQTTSAVFGATIAFAAGLSHFFHLLGIASNIISPYGCSISLTQYAEWIVCVPLLVCMLGHILCINPSTVFFGAGLQFFCIVFGLVGSVIQTKVVSAVLLVISTTLLLPILYTVYIFCFKLSHLISPTQQKKIRAIGLCVILLWNLFPFIYLLGMLGILTDVWQQKLMMLCDLLTKAAFLTIMLVYHFqntmlqeqtrlma
A0A6S9BAL5	106	656	5	4	2.1e-17	57.5	302	211	K	qqsnhylslesistTVFGTFVFIFGLSMLFAPSANDGQTALAVFGITTNFLSGISHALHYLELAPYSANAFGHQISLVQFGEWIVCVPLLVCILGHVLHIEPKFVLLGAALEFVSLLLGFVGSITQAQGIAYGTLCMALALQLPFFTFVYILCFKLASKISKFQQRKIRALGLSILVIWTTFPLIYFLATANKITHTLEAALLAEVDVLSKSVFFAVVLFFHihstdsekssqleh
A0A6S8MZ40	87	1660	4	6	1.1e-24	81.2	285	212	K	lwgaevplilsqmSATAFFTAMVLNMTSFLFEDSVAKRQLALLSCTIKAAACYSDLLLATGQLPIIFDAHGALLIPQRYVQWAVTTPLMVLVLSKLSDFAWQRTAIAMGADVMMVFMGFASHLLPHPWHWIPFGLSTCLFVFVMYELGCMVASAIKESANESANSRRSLVFIYICTLLIWSLFPVAWLTTYFNPTGIFINESLIMFANFGAKVLFSSSIMYgnyitigqrrvmarld
A0A6S8L7Z6	82	813	9	6	4.3e-31	102.2	277	214	K	arlhaevpwqflewpmsaFAAVLVLNILNLALRQNTTKFRTNLLLLFINGVAFTTDLLINLDLTPVFQAANGRLFHPLRYLQWSHSTPTLIYMIWLSSDPEEVEAPQLMYAVVNDIVMILTGLASTCSSGSMQLLWGAVSFATFFAVLITVYKMFRSNIDNLEDSEARSIVRTVLFLMLVLWNLFPVVWLLAELHMISPAMEHLCWGLCDYAAKAVFVSQLWQsniasvyerreialrm
A0A6S8KM56	102	1822	13	7	4.5e-21	69.4	292	213	K	lyseyaevpkeayqvpmvafstAFGLNFLTLMFERESIKFQLALIACYINLLAASSDFIAWQGWGPIVKDSWGVGSPIVRMVMWLWTTPAMVYLLSIISDYTRTQVYMALGCDVLMILTGMAGTLMQDRLLSGVAITMCVFFFQQLIKTLWGMFRASLQESQNDAGKLSLKILRAFTVGLWFSFPTIWFVAHILPIPLVTEEWMWTCFDFMGKVMFSSSLLqgnfltieqrrlitmri
A0A6S8JMB6	96	726	8	6	2e-19	64.1	292	214	K	laretlfaqvplyvymySQAAFFTATILNLISFIFEDTAEKKQLALLSAIIKGISCHCDHLIVTGQAVVKFDRHGALLLPSRYVQWSCSTPTMIFTLSRISDLSGTEVALAMLADWLMVVAGYVAAEMPWYLAVFPAFVSFAAFAYVLHELRRMIYSALKEANTNHAKACLNFTLWSTVVVWNLFWVAWIVARCGERLGPLGEPLTIFCNFAAKVIFSSTIMYnnymtiaqrrrivqqq
A0A6S8I4E0	132	1527	28	7	3e-18	60.2	308	244	K	gsgaltwwmtgvttylllyacgrallhdqsaleglrkevptyiydrstfifltsfaldvlnmiferhTTKMDFVLYPAFIKGMASATNMLARFGTPIIAFSTTGRYVMVQRYVCWMHTTPTILLIIRLISTSLSVREATYAILWDELMVVSGAAALLTTGWQQVFLSILTHVAFVPVIPYFCKGFYQAATSLKSGSAQGMMWGILAVNMVTWTLFAVTWNLALCNLISVQTEETLYLVCDFTAKVMFSSTLMlssfkgmearretamrn
A0A699YRI6	97	259	12	7	1.1e-21	71.5	286	211	K	ayhaevdgmayqwpmvafgtaFMLNVMLVAFERGSVKFQLAMVACYINLLAGLNDYLSWKCKVPIMRDAFNQGFMITRVAMWGFTTPTMVYLLSMVSDFTKAKVYRVMAIDFVMILLGGIAQIAPTRSLCIILYILAVACFAVVIYSMWRMFDASLAEARNDGSRLSLLVLRFYTVGLWFTFPIIFLLVKGGFLTLNQEEWAWSVADFLGKVMFSSSLLqgnfltieqrrliamri
A0A5J4Y976	99	1011	11	6	3.4e-23	76.4	288	210	K	llyhevpklfyfvsaaaffsAFVQNCCALIYEAGSTKKQLALVSCFIKGLSAYVDLLLATGNGAIILDYAGHPLVISRYTQWMVTTPTLIYVVSKISDFTRTQVATVVLCQFSVILTGLLASVAPSPWKWLWMLYCMVAYCYVIYSMGKMLQSAITESADASQRQGLLFIYYGTVVIWSAFVVVWFGQELGMLSIYRAELGNMLANFAAKVLFSSSVMYgnfvtiaqrralakea
A0A5A8D5C6	87	374	8	6	3.2e-22	73.2	283	214	K	aigpplpvgwdyqaptaVFGIMSMIALLNVVFPSSKLTIQKKAAPITLAICLMGLTSYALRAAQVSGPRLAELSGLVILPIRYVEWACTTPMLVLLSALMVDAPVNVTIRIIIYDFLTILTGALGLILPFGARIVMTIVALLVSVLWVVGFGRLLAASYHRANDRESRRRVVFVSMCSLVLACAYPIVYILHAEKVISILAQEYSYAVMDVSAKILLTVVLTNgsflssegymrqqmrr
A0A513ZS49	60	390	7	6	5.1e-23	75.8	253	210	K	skydqlrtiyqstaasFCFAIALDALAFTYAISTQKKSLALVLGLVDGIACLTYVLSANTNLYYFIDEFDNPVWVFRYAEWFVTCPALLMVIAMASSASMDQMMDLMTYDIFVNVFGLLSSVWGGLAGQGCFAVASAFFGLLIVRLYNIVIESSNADRKPVVSTAVLRVILLEVFVTWSVFPAIELCRRMGALDYQTGEGLMCLNDGAAKVGLALILFTynldaylerdtslrea
A0A513ZS48	48	415	3	5	5.3e-24	79.0	253	218	K	agvlfetypllsVMYIATSITFAFAFLVDLLAYIDAGSDQKRALSGLLTFVDGIASINYLVLGTMPTLYFLDAKTGHPVWILRYIEWAVTCPQLIHWIGLVSAAPESQTYKVMMLDYMLLFCGLASTQFLGAVSLTFFAVATICFIFVMKNIWSMTGHAIINEEEKELPLTTRALHLIRWEILISWGLHPVVEIAKQQFGLSFEASEACVCVFDYAAKAGLALIMVSVnleqlkdlrlsrlqs
A0A513ZS31	95	392	5	6	2e-24	80.4	298	218	K	snevfqanqrlstlYASTCVAFAFAVALDMLAYFNAVNQDKRTLSLVLVYVDIVACISYCALATLPLRFFTDTHNGYPVLLMRYAEWFLTCPTLLYWVGLCSRADKSTVRWISLGDASLVAIGMLSSLVPASWAVVMFVIASLLFGAVVHTLWTLVGKAINSKHANPTPLPPTGLNMIRWEILLSWSLFPMIEFSRRYLGLSYEAGEALNCVADYAAKVGLAMIMVNcnleqmnylkvqqlqq
A0A507FHL0	83	234	10	6	1.5e-11	38.3	277	214	K	rvkafdrgdadfyykghsfVFLVATAFAYLGYIGTKNIVKKSMIWIMLMTNSVVSASWFLLYLRAGVTFMDNSGNPVDTIRHLEWFHDQSNLVYVACLLTSTDYWSSGRAIASSHMTFVFGFLACLARHPYDELFATLSMVSHLVLMQEVIKMYQRAIDGEVENKVDLWTLKRSRDVIVFSYAYITVAWYLVRTHIIRFDTGELHIAIGEFIAKIVFMLVIVNnsmeesqisavremds
A0A507FES2	111	232	5	4	7e-24	78.6	310	214	K	ykkpvfdrgiskdaYAYTAGGFLIAVVYSYIAYANAQNNEKRDLGKVLVLVNFIAMSTYIIQALELTPTFTDYVGYPVDPCRFLEWLTTCPILIYLIAEITDNHAMADVTATYDYTLIALGYFACIFKQPFSEFFACSSTIFFFYTIWNLGEMYTSAIQGKTSCKLDAKSLTTAKYVTLAAWNAFTLTWYVQRAQIVSYEVGELMFCGSDILAKVFLTLILVNATleesmnakakrmeg
A0A507C3K5	115	4	3	4	7.9e-21	68.6	316	214	K	ahmqfvndtdstIIHKICCMGYSLGMIFSFFSYIGSSNPERKSLSISLFGIKFIAFSSYVLQYNKLTPAVMMPTGVPWLTSRSMEWMFCTPCLMWVYRQVTCAYDPMHNSLFLDVAMVVTGWLGAVMKEPFCTWMDTTSCFVYLPVIDHLMDMFQRAIERKTECKMDKRSLKIAQNAVWAAWWGFTLIYYLQKDKFVDFATGEALYVCCDMIAKVVFTFVVLTATqeaa
A0A507C357	137	232	5	4	1.2e-26	87.6	336	214	K	sramtfnrgpsdtyYKFGIMGFAIGMFFAFLTYSGGRTPERRSLAIIMFGVQGIALISYALQLFRLTPSFMMPTGMPWDPARSFEWMACCPTLIYLIAELTRSTHDAWETMGFDYTMIAFGLFGAIMKEPYATWMDTCSCLYFLYVVGSLMKMYNAALNGETDCKLDKASLVFAKWATFCAWWGFTIIYFLQKDQVVSYQFGELLYCGCDMVAKVFLTLILINATveqatserlamltn
A0A383WHH1	63	706	9	6	1.5e-14	48.1	248	204	K	sqvplgyhllscaafgtaFALDLLAVLFYARSSRLELTLLPAWIKGLPFLSSVLMASGKAVVAQAANGRLVNLQRYVCWMHTTPAVMYLIKSVSNSITTQQMYSIILLHEVQLGLGAVAKLSGGVTQVLLGGCVHCALIPVLMFLHTGLKELSVQYSKNTAAFVYLSTLVTYGSFGVVWDLGSFGLLSPAQEEAAYLWAELASKILISTVLLFsnfvtrdmrrlalmrs
A0A383VPK7	94	1478	27	6	4e-27	89.2	271	244	K	rlawayvgvlcasyaaclmllhsiapvdlrmwqaflqqvpldvfkwqlaafggvlllniinlvfcsNPVQYNCNVLLVLIHSVAFATDWLIEAQSTSLVLGHNGRFFVPLRYVQWTHTTPTMILLMSMMSDLAPWRVAAAVGGDLVMVAAGLGASWSSGPLQVLLLLVSFSGFAVVMRAIMDMFAGAIAESSADAASRQLLGRMLALTLVVWSLFPLVWLLGQAGLVSLTVEQVLWGAADYGAKVVFSSHLWQknlstvqqrreaaqel
A0A383VMI0	93	1466	19	7	4.8e-24	79.2	281	247	K	ssqirlgviwimlgiasymllsllarsvlhseqavatwraevpivmydrsmfmfgtafVIDVLSACFELKTSRLDMVLLPAFVKGMATLTNALVRYGWATIGTAPNGTVVMLQRYICWMHTTPTILLLVKMISTSISRKQVTEAIVCVELMLVTGAAGAMTTGSLSVILGCLSHMFFLPLVPYLHQGLKEAAAVVSKHAAGHTMTFVYYTTMIMWSAFGVIWDLRMFGLVGLEAEEVVNLCCDFAAKVVFSCGLMlgsfkgmdcrregvmrq
A0A2P6UZS6	77	594	5	6	4.5e-33	108.7	275	213	K	asrefyaavpdtvyMWPMVAFATAILLNLLSMGFERRPVKRQLCFLAVYISGVAFVYEFLAWKRTAPIYITASGRPLSLLRYVMWGHATPVMLYALSMISDFSAKEIYQTIAVDIVMIATVIPGELIPAWHRWIWNAISCGVYPYIFHQLWHMYSAGIREAREEGAQTSLRMLRNITVLFWTVFPVVWLLVQVDAVSLLTEEVLWCLADTCGKIFFSSTLLHsnfmsiehrrmmamrv
A0A2P6NFY1	269	699	5	7	9.4e-29	94.6	465	211	K	eaiiipkvhlayslALTAFLMMLIGDAINYYMVVNPLKLTIGTVVCFVHWVAGCTYFCLINNIFPIWATSTGRPLYPIIYLEWFFTTPSLLFILAKLADIDKKKMIRAVMADQVMIVAGFLASYTCFPWNIYWGLVSFLCLFPVLSALKNYTEDIECLILKDKKTFTFGTFGTLSLIIWSLFPAVWLAGTLEYVSSDTEAIVLSFLDVIAKVVYSSSVLasnytikeissaareek
A0A2K3E771	100	1962	29	6	4.9e-26	85.7	291	260	K	dtpvllwcclgslsyaccalglhqldstvreesdqgqeavewtiqvqtaafgavlllnvlnlgmrqhlLPFKCNLLLLFINAVAFATDLIIWRRGTPLYPLSPGLGLGLLRPGAAAAAGDRAFVPLRYVQWLHSTPTMIYMVGLLAEVRGWQLALPVLCDVAMVVTGLAACCTTGLTKAFFTAVSFATFAVVLRRIHAMFDKTLRSGDVAADQRGTLRAVRALLLALWGAFPLVWLAADWRLVSPQAEAVAWGVCDYLAKAVFSSQLWQsnltgvhvrrevalea
A0A2K3DJT8	8	1156	12	9	1.3e-19	64.6	198	198	K	mvgyacnMILTLLKVIFESSRSKLDLHLVSCYINALAAASYLMLWTGFSPIVPDINSCLYIPQRWLLYFFTAPAIIHILSQISNYSTRMRIWVVLLNAFMLAAGGFGTVPWISWTHKVFWYTLACVPFPSILCHMWRMVTHALDETQDPSSKRAISFIRIFSITTWNFFPIVYFAAIDGALPLEISEPLWAALDWLTKMVYSSSlmeanfftthwreltlrai
A0A2K3CX08	74	2315	5	9	7.5e-20	65.5	272	213	K	nyipsrsliisyqwCMVGYASNLILTLMKVIFETNRSKLKLHMVSCYINILAATSYCMLWTGFSPIVPDVQSCLYIPQRWLLYCFTAPAIIYILCQISDYTTRMRVWVIMLNVFMLAAGGLGTVPWISWTHKVYWYVMSCVPFPSILVHMWRMVSSAVDETMDPTSKRAIKFIRLFSITTWNLFPFVYFAAIDGALSLEISEPLWAALDWLTKMVYSSSlmeanfftiaqrrefavra
A0A2H4ZEW1	54	118	3	5	3.7e-18	59.9	256	215	K	herqaynrgwadVWYGYGAFGLAIGVAFSGMGFLGAKSTEKKAMALALFGVNVMTLATYVLVLLRLSPTIEGSQSNAVEPARYLEWLATGPVLIQVIADITQSPNNPTAVIAMNYLVTIAAFLGAILPPFPLGNLCSVLSCAGIGYVVTHLVMCFTRAIDCTTTSTVETSALKWLRVSTLVSWTLVPVSALAFHAELVSFTAAEAALAVLDIGAKVFLTLVLVNStvehaqnqkvdaita
A0A250XMH3	66	444	5	9	5.5e-17	56.1	264	213	K	tfvptrrmivsyqwCMVGYGSNLLLTLIKVIFEKNRNKLNLHLVSSYINLVSACSYYMLWTGFSTIMEDRHSCLYIPQRWLLYIFTVPHIMYLLSQMSDYTTGMWLWVVVENVVMLAAGGLGTVPWFSRSLKALLYMTSIIPFPFINIHMYRMVSGSITADLELASKRSLGFIRIFSIVTWNTFPIMYFAAIDGALPLDVSEPLWSVLDWLTKMVYSSSlmeasfftisqrrelqkaa
A0A250X8V8	61	244	5	9	4.8e-20	66.1	262	216	K	ltteqraavrqrllLLMCMVGYASNFVLTILKVMFETNGNKLTLHLVSCYINILAASSYAMLWTGYSPILPDVQSCLYIPQRWVLYVFTAPAIIYILCQISDYSDRMRLWVILLNVFMLGAGGLATIPWLSWPHKVFWYVMSCIPFPTILVHMWRMVSSAVEETPEPAAKRVVMFIRVFSITTWNLFPIVYFGAIDGSFPLEVIEPLWAALDWLTKMVYSSSlmeanfltiaqrreymfka
A0A250X6R1	115	711	27	4	2.1e-27	90.2	292	244	K	vilclaassfaacalvlywwmqehseeqerlhallssqvpsvlfalpisafagvlllnslnlphstNDTRFKSNLVLLYINVLALVTDVVIYYQLTPVLIGGSQRITHPLRYIQWSHSTPTMVYMLSLMSDMSPPQVFFVMVNDVSMMVTGLAATLSMDLNARVGWGAVSFLNFFIVMLFMSKMVLSAMRESADLHSRLSLRSMLWLMLVLWSSYPAIWLLAECNLMSPSCEQLMWGVTDYMAKAVFTSQLWQTNmksvqerreaalaa
A0A250X1L5	87	1149	11	6	1e-22	74.8	280	214	K	ssdislnkaggniylaasccFATAFTLNILTMAYERDNQKFQLALLGAYIQLLAGSNDFLSFLGCVPMMPTWSAGDCHVLRMIMWAHTTPAMIYLLSLLSEFSPTQVWCAVAADILMILSGLLGDILLWIPLSVLMTTVSFACFPYVLYMIWLMFETAISQVQSHGNKANLESLKHFTLGLWTSFPLLWLIVRTGLISFQVEEGLWTICDFLGKIMFSSSLLYgnfvtieerrlvamka
A0A250X121	6	1192	13	6	2e-22	73.9	197	197	K	mvafaTAFTLNFATLVFERDSGKMQLALFACYINFLACFNDWLGWQGVSPVLRDIWGGGLLIMRFLMWLHTTPAMVYLLSILSDFDRQRVLYAIMADVLMLAFGLGAQLAPNVPFAVVCFIISTGMFAYVVHEMWCMFSGSLREIRSANSRHSLQVLRCLAVGLWFSFPIIFVAVKAGLTSLYVEEWLWTLGDFMGKVMFSSSLLYgnfltieqrrliamri
A0A250X0X2	82	1329	10	6	5.7e-22	72.4	276	214	K	leakfhaetteatytwpmvAFGTAFSLNFLTLLFERDSAKMQLPLLACYINFLACFNDYLSWKGVTPIMRDVWGDGLQIMRVLMWLHTTPAMIYLLSIISDFSHQRVLRAIMVDILMLTLGIFAHTAICALMAAVSYILSVCCFAYIIREMWDMFSAPIKDARTPSTMQSLATLRLLMVGLWFSFPIIFITAKLGLVSIHTEEWLWTAGDFLGKVLFSSSLLYgnfltmeqrrliamrm
A0A250WZH3	105	724	9	40	5.3e-23	75.7	0	0	-	ardqlfsqlsiryyqyseAAFFTAAVLNLISLVFEETPEKRQLAFLSAIIKGLSWHSDFLVVTGQAIIVYDGYGAILLPGRYVQWSCTTPTMLFTLSKISDFTSRQTWTTMFFDWLMIITGFIAAVLPPGIFSCLFLALSYATMLVVLWSLYCMVQSALSVANSPHARMSLHFTLWSTFIIWNLFPVAWTIeriphlchlgeplwlfcnfsakvvfsscilynnfvtiqqrrlaaqieqehkdrivmvaelkealrhkdefisvvghelrt
A0A1Y5I757	409	584	5	5	3.6e-25	82.9	613	219	K	vrleaevcgstslmALTVFAVCASIGLNDIMWTPSRSRRSVSSTVLYITIVACYTHYLMVQGSDLLKQGVEGTYYSLLRYLEWMMTTPVLLILVFQLHALCVGDERAPYRTDMWCACIADEIMLITGWLTNELSGKVHGVCLTISMLCFTYVISRCVGLFRELLTSNLVAGDRMRFIILACAKTICWTSFPIVYMAKEMEFIDTSAEHEWFLSCDVLTKAVYCLLLSAGsirvldvtrdeelad
A0A1Y1IBK3	16	1185	4	6	2.5e-22	73.5	225	223	K	splraearctqltVFLMIFAAALVTALALFVRSLYLDASQYTTGPPPGDHTRAALVAYINGTALLTYVLLDRDYTPVLVDHFGRPHYPARFLQWMLTTPIMIYLTASISGQSHRQIILNTFCDLFILMVGLNGLLSSSNLMSGVCLTAAGFAFVTLLRNVHRMTNDAVLETRDSGCHWSFHLLQIYILTTWTAFPCVAFLSETNLVSPIMEAHMFLALELACKFVFSALLLEgkflsleenrrvaeva
A0A1Y1I5V9	97	1791	6	7	1.2e-31	104.0	296	215	K	pagrqapfdptrhstEVGMVAFGCAFILFTCSLICRTDKEKRTAAFLVCYINAIAFSTNMLLYYSATPVVLDFFGRPCFPVRYVQWLHTTPTMIFMAAKISSFTSPQVVVAVLYDMLMLATGLTASLAPSWPVMAAAISCSCAAFLAVLVLVWNMFRSALREARDLASYRNLQFLQAHMVFTWNIFPLVWALSALHVITPETEAYLYLAGDLSAKVVFSALLLegsflsieekrraaaav
A0A1Q9EEU8	362	25	12	6	4.6e-12	40.0	562	222	K	fnpsqdeieifhttryvlivpIGLLALFHIVEVSKPRPRLRALIMARVSIWEFCIKVTYYSMLSNGTELAWQNMRGYDRRPVYLPRWTGWTFAIPTLLTMNFYPILDDRTFAQGLQRIFPQLACTAAYCWACFVGCVITDAWYGWYLNILGCVAYVAVILDGVVITAERIVHTDQAILKGYSIIVKECVFIIYTCVWLMGCWGYTSSYMCQRFYCVSDVSLKSTMSFLMFFfwsmedakkevpddie
A0A1Q9E5P5	103	252	61	4	3.8e-11	37.0	255	253	K	sfprwssfpgprllgisepwrdgdeldairvhaatavmlvfsafvlelgflwtglvfgqtddaglsgrmanhrvvdslltlfeyglklacgmciwkmpflVHIDHFAVGGPRPVYFVRFAQWSLAVPTLVLISNRAFLAELGFRATFLRSLPSLVLVFFSIWLAYLMEVTPVYAWRWPLLGASGLAFVLAEVDQVRLCWQCRHVELHGMKTCMVIYQVLTFAFYALVFLMGRFGIAGLQLEQNIYAYCDSTVKVLQGALLALIRgsedaqtihlwyae
A0A1Q9E3U7	798	34	13	5	2.2e-05	18.1	1003	228	K	asdlvpysalitaalsavflheLATVILTYRTAKKALSLIPNIKESLVPSMLLCTTFAVLILENMCFFAGSSAWFAHASVSDNPDLDGMPVYTVFFAEWLINVPILIILAGQISLGRPAYEVSLPLVVTNVYMTLAWCANFIALAYVRYIVVAVSFLMYFKASWDMIMWVKLWRKDNPDGHLLGRPLLAVALVVVFGVYGIVYLLRLRGILPWHFEGTFYLTMNFTTKLCASMTLAGIrssefqevlllmlan
A0A1Q9DK16	996	1899	38	2	4.7e-10	33.4	1210	292	K	distalvfvccvvtitssrissrwlteddpsnesimrsfsfaypatgaaaifeaanvfctaglrggmvsggpfatamLVTYIVLAISYFMMHVFGGMMVHTDELCIGGPRPVYSIRYIQWFINVPLLMMVSGNPRGSASAADAAFETWLQNTRLTDHRKLGQERLWYRFRDGLRATVLATMEAFRQMPLAASARLTSMYIVASWLAVVVESHFARWVLIAVAFSAYLAASMEPMLLFFQYRRLNVPSMTDLLLAGQVLIFGFYGCIYLGAVFGLISSALEQAAYTYSDILAKMTHSVIILAYRRTdetmqvrvqsnr
A0A1Q9DIL1	364	749	10	4	3.4e-09	30.6	572	228	K	ypgswhviscamlltmvmyEVMSLIATYMGAQHTQSLIPHLKSKCLPTFLLALMFGVLASAERLFSRADWTVAHVMPSPDGLTPVGRPVYTLQYMEWGINVPILLILAGYCSMGRPLQEISRPLVVTNIYVILCWAATATESAVLKWLLIVVSFAMYGWASYDMLGWCVAFERSAPMDLPARSIRPMLSSGLVLHLLLYGVVYVASTVGFISAHLERKSFFALTFGSKLAYSAAFVFIRadeyhktltdvlrk
A0A1Q9D0Z5	687	461	61	9	8.8e-07	22.7	839	253	K	wiiawlwtapsacksaaqcaphlqrhprfyhivstavllallghellsliatyigtqkakaliphlqskslptfllalmlgnlaisesmfsqrswtishvMPVSDGLTAPGRPVYTLQFLEWTANMPILFMLAGYCGLGRPLREISRPLLLTNTYITLCWAAALTSSASLKWILILASLAMYALSSRLMFQWCLDFEKTAPKDLPGRSLRPLLSCGLILHFFLYGLVYLASVSGLVDAPLERKTFFALTFGSKIALCAAfvliradeyhqtltgvlrk
A0A150GZA7	1345	1100	8	6	1.2e-29	97.5	1541	214	K	qrereqqddlvewtyqiQTAAFGAVLLLNLLNLGMRQHLLPFKCNLLLLFINGVAFATDLLLWRGASPVLTSSAGRPFAPLRYVQWCHSTPTMIYMLALLADCAGWQLVPPVLADVAMVLTGLGACYTEGLLKAVLTLLSFITFAYVLVYVYGLFNKTISGDVSSDQRITLRTVLVLLLALWSAFPLVWLAAELHLISPAAEAVAWGVCDYLAKVVFSSQLWQsnlsgvqlrrdralea
A0A150G0K5	11	112	30	8	2.1e-21	70.5	186	186	K	mkvifetnrsKLKLHMVSCYINILAASSYCMLWTGFSPIVPDVQSCLYIPQRWLLYCFTAPAIIYILCQISDYTSRMRVWVIMLNVFMLAAGGLGTVPWISWTHKVYWYVMSCVPFPSILVHMWRMVSSAVDETMDPTSKRAIKFIRLFSITTWNLFPFVYFAAIDGALSLEISEPLWAALDWLTKMVYSSSLmeanfftiaqrrefavra
A0A0M0JX06	84	786	10	11	1.7e-05	18.5	298	234	K	pectvhagdeshgqadlvvIASFCTMFVTAISNLAFENKQRSLNLVYVCVKDIMVIWTYSQMFLGFGAGLPTWRTSYGSFFRPARVNLWMHSSMAQVLCLVSSPSTKEYGIDSALSRVFDVYIMFIFDFLCTAPPPAFLPPTAGLVFSGATLVLSFPFIVRVLMYMHQTLPLFLHIPEQSGATALNRMLMMKILPGLVCGTWCLFPLIWFASAFKWLSPNQEQLLLTWADVIAKASATivyqhgnmassnwkerteqas
A0A0L0SWF9	159	232	3	5	4.3e-10	33.5	489	343	K	herqaynrgwadVWYGYGAFGLAIGVAFSGMGFLGAKSTEKKAMALALFGVNVMTLATYVLVLLRLSPTIEGSQSNAVEPARYLEWLATGPVLIQVIADITQSPNNPTAVIAMNYLDRLAREKLELKVRLAKLASQPIPDDADAEAPETAADEAAPVPEHLAELTEELYQLRDERDALSEANAELATKLADALTTVDDFAARTAKSERKVAEFRHLQDSYKYQAQHITELSELVEKQRVWLNQLTDGEELPAVARPNRSADAAMRESNSSLISELERAWSQQQQAEPPKGFFGLLDSLRAFWLRVSTLVSWTLVPVSALAFHAELVSFTAAEAALAVLDIGAKVFLTLVLVNStvehaqnqkvdaita
A0A0L0D2C1	101	656	5	5	6.8e-26	85.2	305	219	K	ylapyksfsvtqacATTMVVTMFFDTLRLVFAETDNETRTCTYLVLINFVALTTYVSMLMEFDRSFWLNPETGVVTNVRRMLSWIVSTPLIVTLSCSLASADLRTLIRMIAIDVVMVLTGIMCSLASHASALFWITSVTSFAAFGLILLEYNALFRRVTSKVTVRGEGSERDVRAIQTVLIVTNLFWLAFPTSWTLEHAGYISGPLSEKLLAVADIGAKCVLSVVLAHTnlasvwrrevlnamr
A0A0G4I6Y7	74	971	10	7	6e-10	33.1	277	223	K	rdevpelwlhqleyafpaiGCMILTNVVLIFVFSMKSQWNNLRVAPISIFILVWLLMSYGFMRAGAPIVVDVVNGRPFMSHRTADWSTHVPLLMYQLGSGLFCVPYEEVLPPVLLEVVYTQIALWAHMTSNPFLRFGCLAFCWIGFMYSSYWMALFPSRKGLQSDAHYPAELRKPFHVLKAGLVWFLILMNFSYGINYTLSFFDITSVNFEMAFWCVGDVCSKGVLTSFFLavelfetfisavsqame
A0A0G4I4A1	113	37	35	4	2.4e-16	54.0	283	245	K	gvilisffgllstfwiynvetvpvksvpeshyldrgaymfgtmffylslpllftarnllrqpkcnflwsniettAVQSGILLQYWLSYTLAANGVIDPMADRLVPGRRIHFVRYMGWVVAMTGYAYLIICKLNKRSLGEAFPCLAATAGEILFGFWADIAGSVPLRQFLYVFVWSCFLLSAFGLVSTLPPSRPTDTTAEKVKVGLVRFTCVHWSLYGPVYHMGQYGGIDSTTEQFLFCVLDITYKIAVSACLVAVHssewtqmrmqaeha
A0A0G4HFM8	189	2550	36	4	3.4e-18	60.0	365	252	K	spirgdrhrgagrvtrvsgetsrendadsgtekgteqdreeenddsekdqqeekdrsrwnvnvdasflikieiaaVMTTVYGILGAVYWIMASDIIPPHSEKIFQRPIYVARYTAWSVTVPSLIYLNGRIFNLALKDLLDLMGMTFVYISFGFVGSLCDNKRHRWICCWTAFGIFFIKVRGFLQVVNAKLREMEKEGSRDLHNAKSLKMSLLFFNIVWWFSYGPVYILGICMNGIGHWDDQVLTTSLDTVGKIINSIMLTSLRcsewdlwalkdlfl
A0A0G4HD49	53	1340	3	12	8.6e-14	45.6	273	233	K	eeipqewrttmhVALSVLFIIAVFTFLYHLYIGTLLPVAKFPPSSTIAAFVNSSLLFSYILLSTGRVTFVRDGLTGRAVSGFRMVDWSAHGPLLLYQVGRCLYAQPLKEVVWPMVLEAIYCQAAFYARMSVQPEVRHGLHAFTWVAWIYSLRLMLRWRRAVASRQMRPGPEASMEERENFRYKQSLYQLIDAAFFAHLLAGLAYGVVYALEFWEMLDPSTEHHLYCSIDVITKGAItslfsaietlrsflnnleirvr
A0A0G4FGN2	226	1851	34	6	1.6e-10	34.9	397	245	K	kerpekkgkeketaptaqpassgkseeeekgkagavvagerdetpdhhpassvpapeeftpnwlakmyckaeaAAVMCFVLLILTITYSLLSFNVFPVHIDSFHRPVYGVRYCEWIIAVPNLIYLQARVLFQAPARIAYPPMFLTAAYCATSFWGCLTFNWYWRWGAWWVSWVGWLVSSHQMVGFFCYDKHRGKDQVIDRIKAVLLYINVISYFIYGVPYTIEILNCGSVFLEQAMYTIFDAFVKSVNATVLFAlqisewevkaaenell
A0A0G4FF70	91	86	16	10	2.3e-11	37.7	309	274	K	vvsyaaswafaccllhlyddvprertgassyeiiafniacfimlqifvmelfpviSLIFSLQKRPAFNYLHLKLKQATLNLGLLLVGICCYATLICNSWPVFIDPVTGNRLYGARLMEWTVSCPLSIYLTGRLTFGRPLSVVIKPMACMSLSIQLALAATLLRPSCLWLRWAFGVLPLCCFLGALHYMLDFLVKTKTREPGDGEADDASSSDGSGAVDASVAQHKPREWVKKTILGSKLGGWTLCAIVFHLTFLGIMPPCVDQILYTVFDATAKLVECVsqtalrttewdalvmqvkmv
A0A0G4ENC3	130	945	36	7	5.5e-08	26.7	302	248	K	llfielglvviafyqlhrherastlkarlqqlhqqqeggggggsegtsdrdrdeeglfrsplwvsrmhwklksagVMLFILFVLTVTYIAMWLEATPVFVMSLNPHPRPIPAMRIMEWVIAVPALIYIEGRMLYNTPRSTALLPAMITSFYCLVAFWACICDSFYVRWIYWWITWIGWAISSLQCLAFPHYDKWRGKDPSLDTVKDCLLWFNVILNMAYGVPFTLALLDTGSPFLEQVLYTFGDSFVKSTNAAFLFalqvsewdvrqleaelm
A0A0G4E9T7	96	60	21	3	1.6e-15	51.3	280	245	K	tyaaiwavllgslhfysaqridpavhtnraelyffeiacyvlgtvvmmelfpmvftivniLKHPDHAHLHFKLKVSTVNVTIVSVIMTSYIFLANDMVPAFLDPVVGRRVYGGRFIEWTMAAPMYTYLTGRLIFNQPLSKVLPPMVITAIYLQMGLWAAVFANPLIRWGCVYGAYIGYFASAYYLARFTDGVQDKHGDLWVKKGLLYFTIVWWGSYGIFFHLAQLGILPSEGEQLMYTAMDSVAKMITSICLISLRSaewdillldarha
A0A0G4E9A8	120	375	4	7	5.4e-08	26.7	337	231	K	sgalakvfglssmILLIMVAMELFPMIFTGVTVRRDPSDKRLLFVREATAVLFFVKVVCAASYGILTSGLMPSQLDHLTGRPVMSLRSMEWACSFPLILRLHGLHAFKTTNERIYAAMMLGFFTPMLLHWGSLVPLTWLSWAMHGAAIAGVIGTIYTTSKVSRGGCVSAPSPQQPDGDGGDLVDTICHFILLWSIPVSLTAHTTIFCFAHSGLLSITLEQVGLAAVDVAIKAVETVALAclrnsgsslileeaqkg
A0A0D2M2L8	15	129	9	7	1.3e-23	77.7	211	211	K	mwrdqvpailyersMAVFGAALVIDILNSLFELRSTKLDFALLPCFIKGMATTTNVLLRGGRGAVVLGTGGRICVLQRYICWMHTTPTILLLLRLMAPTLGNGQLLWAVAWDEIMLVSGAAATLTKGPVSVILAVVSHLACVPVLLYLHRGLKEASGAIAANAAKSATAVTYYLILVMWLAFGAVWDLGALGWISLETEEALNLVCDFCAKIVFSSSLMlssfktvetrregvmrq
A0A087SAD4	3	702	11	6	5e-29	95.5	196	196	K	mvAFATATVLNLASACLELRPIKRQLCFLAAYITATALVFEALAARGRAPIFWSVSGRPVSLLRYVMWAHATPVIIYTLSMISDFDSLRVWRLVLVDLVMIVTIIPGELVDAWHRWIWNIISFAVFPYICSELWAMYSSAIHASRDHATVRALSALRASTAVFWTLFPFVWTVAQARGVSTAWEELLWTCCDLGGKIIFSTSLLHsnfltiddrkmramre
A0A061RAQ6	69	944	9	12	9.9e-24	78.1	267	217	K	reaheqxilantlthrytAVSFATCAVVKLVGRFVTLDTTSRRAQSIPLTIAAVAAVCYSLNGWSSXPVWXTPHGGRLFYPLRLCTWFFTTSLMIFGLWNSAGCSPKLELFLALASNVGMLCTGGLASFSRGAALIFWFSVSTLFMICSGWFQWAMVQRTLSDCEGFARARAGLLRVWYLLSAVWCLFPAVFLLSYASLITQQQEELLTCAADLLAKYILqaaveheiltsaadrrqklleq
R1F5G8	183	497	44	11	0.012	9.2	354	255	K	lndgrvgmaliggsitllalidaalvawlpsaacvrlgavesnavllaftvqtgsaleqltrrplpsmrwtsrcivavklcaaATNLALYLLPTPFVVDAVTGRPNCMLRWGEWVVLAGLMTFVVDATDATRLRTPLITATSQALSTLCGLLLPLAGGGAAWAVTLVASFLLFSCIVLRLFEREARLRALSEQCKADSYQLAKARLAASLMRQCVVCWSLLVAVWCGDALARLLGVASEVDVGFVADAAIDVLAKQLYAsaieegataapllhglergre
L8GFI6	237	90	8	7	4.4e-26	85.8	432	213	K	pesnaaslrqmdkyilaVVVSFGMSFVIDFLGALYSVSREKRLLYTLSSSVHLLGGTTKVLLYLRALPVLVDFAGRPLYMVHYLQWSCTTPMLILLIGRLSLASRKKLLLVMVLDVLTMVTGFFSSFCFNVVFVLFWGTLSFVFFFMVLYGVHHFIQLAIAHYPSKERSFNGLFAVTATCWSVFPIIWLLGAFDLVNPDIELYAYLTIDVSVKVVFSVFLRqitlssiehrevqeyek
L1JDJ3	28	631	5	7	3.1e-18	60.2	229	216	K	imektkfvkmqisfLFVICMLMDIGGICFQISKKKRALNSLVFFINTVSFVVYLSACFGWIPAIYSLDGKRVSVERFFQWMNTTPCMIFVLSALGNTLQKYLIHDVKELVKCVLWDEAMIFAGLLHAYLGFSLLGWMFLLTACFCFYQVMQKLHGAILISISKVATVYEVVSLRVLEIFTIVLWSLFPLVHVLYFSGTITFTQYDIAQSFVDLATKAIYSVTLItgnfflldtvaelrleq
L1I6C2	155	630	10	6	2.7e-24	80.0	359	224	K	qtdeseyytmkktmfvkilAVFLFSICILMDLSGMLFQISAKKRTLNSLVLFINLVACTVYLSYVTGVLPVLHDLEGRQMFIERYFQWMNTTPCMLFVLHALGSSMEKELVISFSSLFRVLISDELMILTGLVHAVVGNSMIGCVACFLSCCFFLDVLRGVHAFTNSSVARAATTYEIASLRSLEISTFLLWSVFPVVHLLHYGGFISTFQYDIAQTFVDILTKSVYTVTLLTgnfcildtvaevriaq
K8F6P9	185	730	9	6	6.9e-26	85.2	389	223	K	dfssaagglslvcdssalTAIVIFSTCILIGLNDVTWTSNSPRRNLSATVTYIACVAFYAHLIMYYGEDVLMNGADGSLVSILRHLEWMFTTPILIVLAYQLQAVSFPENGQKRKAMYLSVVLDEFMLMFGILCHFVSGNMWWLSLSLAILCFIFVMYNMGYLFYELTTKLEHEDDRLRFFMLGVVQSICWSSFPAVFLAKEFNFISAQSEHEWYLIADVCTKSAYSYLLCQgnirvidgkakdelee
K0STK9	186	782	36	5	2.3e-05	18.1	382	272	K	hfkyvaggilctwasivvmvysvmpsgsfrrleglernsaivaccliavpllsrilpifgifgsgrapwasgvwmGALAVQVVACLTDFLMAFFPSPVLVDPVLGTHVHLLRWCEWCPCAFCMTFLMEGCDLHWEGGDNLPRNFIRDKYVFAATQGGACVFGLIFPFLNPAAWYLAMCVSCMLYLQNYPRLAERTRSIPASIKEGASVEELERYNAAKLALRLRRLTIFVWSSIVTVFFAGGLGPKYASAGSIFANPSINMVAESFFDVVSKVFFMGIIVDInraifdpftraerrl
F2TZN0	97	399	9	6	1.1e-27	91.1	296	218	K	srrvfakfshlqsfygatSVAFAFATGLDILAYVNAVSDEKRVLSGILAYVDGVACISYLSMATLNLYFLVDSTQGNPVWLMRYAEWIITCPTLLYWCGLASRADRSSVSDIATADALLLAGGALSSILPSWPAFFVFAGSFATYIYVMLHMWGMFGKAMQPDFQPPPPLPRHALHLLRCEIVMSWSIFPLVEFLRRQGYIDFQVGEAMNCVADYAAKVGLAMIMVNcnleqinalrvqqmhs
D8UEE2	38	1803	9	6	2.5e-24	80.1	229	210	K	elfkqvpllvyqmsstafFTALVLNLTSLLFEDNAPKRQLALLSCAIKGAACHTDMLLVTGRARVVFDAFGAIVIPQRYVQWMVTTPTMVYILSKISDFTPQQTATAICMDVVMVLSGLMANFAPGPYLNWLMFSVSMLSFVGVLYMMGRMVFSAVKEHSSPSSRRSLLFIYMCTLLIWSMFPVAWVLHLLNSSSPYGEYLNIFANFMAKVLFSSSIMYgnymtiaqrrllaqqa
D8U5T7	77	1502	5	5	3.7e-29	95.9	276	214	K	aagigeqvasvewtFQVQTAAFGAVLLLNLLNLGMRQHLLPFKCNLLLLFINGVAFVTDLLLWRGATMVMFSSSGRPFAPLRYVQWCHSTPTMIYMLALLADCGGCQLAVPLLSDVLMVASGLAACYTRGFLKDAMTIVSFGTFIVVLYYVYGMFHKTLSSDVSPEQRSTLRTVLALLLALWSAFPVVWLAADWHLMGPQMEAICWGVCDYLAKVVFSSQLWQSnltevqlrrdralea
D8U3D7	39	1606	11	6	6.1e-18	59.2	229	211	K	vlreqvpvavydrstsvfltALAIDLLNIIFERQTVKMDCVLLPTFIKGMASTTNILVRFFVPVIALTDAGRPVVVQRYICWMHTTPSILMLLKMISTTITPREAATAILFDEVMVITGVAALLTTGWQRVLWSVITHVAMLPVVPYMHKAFTEAMEQVRTRPLQLTMLIIYVLNLLLWCTFAVTWDLALLGWISVLTEEVLYLGCDFSAKVLFSSTLMLssfkeyearresamrv
C1MYB7	71	693	9	5	7e-25	81.9	304	252	K	vpnadgsvesvdesharmAFVVFTAALFFNVNAAAFSIHDSKRKLNLQVAYISTIAAYTHYEMAEGRDWYVNTFGPSGEVVSGLRQLEWACTTPILLLLVQNLHAFVFAALPRAMGPKKTSLTTTRDGTTKAANAIAPYVPVNRIALILADELMILCGLVAPLTRGLERFAFLSVAMACFGFIIYHSLFALVDITRRADGLSVADAGRVKCIAALKMIAWTVYPAVYFAVLFGVMTPARQHEIYLYNDVLTKFSYSLVISAGsmrfvemvdqkrtql
C1MVP6	79	814	6	9	1e-19	65.0	332	269	K	ssatasatsfrrdvaVFGTALFTAATTLSVVSALWATHPARRRHFWSATYVNAVAGVAHLQMMRGGEWWLVGDARTRGDLPSGLRLLSWFFSTPVMIVLMRQFHGLARKPPLSSLTTVSKSAFKGGKKGGNRAAADGGGAAKAKTRASSSSYAPPPASHLAWGTVFMLACGCGGVIAPGMPPPIARVLVVLGGGAFAWVLTQMVRILLGAAEGSAFDSVRRDRGRIRVLVFINVCAWCVFPLVFLARRAGLIDDDEAHLGFSAGDGCAKFSLSALylvgcgrildlaeedvrrr
C1EC80	74	818	8	9	1.2e-22	74.6	303	247	K	tcaatdasiggsrdvavFAAAMFVAATAFALVNAAMTASPDRSRHFQSAAYVNACAAFAHLQMVRGENWHVSSADGFSISGLRLLEWLFGTPVMIVLAKQLYALSREPPVDYVSAAVKLFERDRGADGVYIPPPSIRLVQADVLMLVCGCFIANLAPAPPAVRNGALFVGVATFGYVISHLSRCLAGSAVYSAIAGVRKDAKFGYALAVFNVVSWCVFPTAYFLHVSGRIDAARLDLGYAIGDAFAKFSCTMLyvtgcgrimdlaedeaaqr
B8BUQ5	165	815	10	4	5.9e-07	23.3	397	252	K	ivklseleqngavmamsliFVSFLSRVIPLMGRITGHKKNNTQLSGIILGGLTVQVVAFCTDFLMAFFPTPVMIDPVLGTRVHVLRWCEWFPCATFMTFMMEGADLYWKPEEGEGNGPPPDFIWKKYLHAITQGLAVFLGLLFPFCPGYWTWMLCMVVSCAAYLTNFPRLWGRRKELPKALRNGATVEEAERINSAKIALRLRYVCTAVWSIIVAIYFVSSVIGPKFAPEGSLLRSPAANMVCECFFDVLSKVLFLITIVDVHyaifdpfarterrl
A8J9Y9	86	935	16	6	4.8e-23	75.9	279	249	K	vhvtirripgprgcstgffvyitaswlsglwyttdplayaalraqvptlvyqmssTAFFTALVLNLTSLLFEDNAPKRQLALLSCAIKGAACHTDLLLVTGGATVLYDAYGSICIPQRYVQWLVTTPTMVYILSKISDFTPRQTATAIGLDVLMVLSGLVANFLRSPYLWVAFLTSTAAFIGVLYMMGLMVYSAVKEHTSANSRRSLLFIYMCTLFIWNLFPLDWILHVVHRGSPAAEYLNVFANFMAKVLFSSSIMYgnymtiaqrrllaqqd
A8I9V1	82	1160	13	6	7.5e-24	78.5	272	213	K	aptllvqadpnaytwpmvafgtAFGLNFITLLFERESAKFQLALLACYINFLAGFSDYMSWKGYAPIVRDSWGQGFQLLRTVMWLLTTPAMVYLLSIISDFSRLKVYSVMLADVLMITFGILAFLAYNKVMSILFYMVAWCLFAYVVHSMWSMFHASIAEARHDSSRVSLEVLRLFAVGLWFTFPVIWIVVKMGLVDIRTEEWTWCACDFLGKVMFSSSLLHgnfltieqrrliamri
